filing_uuid,filing_year,registrant_name,client_name,client_country,client_ppb_country,fe_countries,income,sig_non_us_client,sig_non_us_ppb,sig_foreign_gov_topic,sig_soe_pattern,url
8e035fd0-1181-403e-bdcc-42145196ecfd,2024,"CORNERSTONE GOVERNMENT AFFAIRS, INC.",NEBIUS GROUP N.V. (FKA YANDEX N.V.),NL,NL,KY,300000.0,1,1,0,0,https://lda.senate.gov/api/v1/filings/8e035fd0-1181-403e-bdcc-42145196ecfd/?format=json
a4411100-2eef-4903-9950-850271612499,2025,AKIN GUMP STRAUSS HAUER & FELD,"ANT GROUP CO., LTD.",CN,CN,CN,90000.0,1,1,0,0,https://lda.senate.gov/api/v1/filings/a4411100-2eef-4903-9950-850271612499/?format=json
4e56f063-9d60-4383-a3d2-14f8d737cece,2024,"BROWNSTEIN HYATT FARBER SCHRECK, LLP","ZHEJIANG GEELY HOLDING GROUP CO., LTD.",CN,US,CN,90000.0,1,0,0,0,https://lda.senate.gov/api/v1/filings/4e56f063-9d60-4383-a3d2-14f8d737cece/?format=json
5a0707f3-7dc0-482d-8247-88b1bed0c092,2025,BRACEWELL LLP,TELE-FONIKA CABLE AMERICAS CORPORATION,PL,PL,PL,90000.0,1,1,0,0,https://lda.senate.gov/api/v1/filings/5a0707f3-7dc0-482d-8247-88b1bed0c092/?format=json
9af996b2-2bd2-4a5a-86eb-6b6f5494652e,2025,"BROWNSTEIN HYATT FARBER SCHRECK, LLP","ANT GROUP CO., LTD.",CN,US,"KY,LU,SG",80000.0,1,0,0,0,https://lda.senate.gov/api/v1/filings/9af996b2-2bd2-4a5a-86eb-6b6f5494652e/?format=json
b87ea222-2ef1-447c-9cf4-663f6d762168,2025,RICH FEUER ANDERSON,"ANT GROUP CO., LTD.",CN,CN,CN,60000.0,1,1,0,0,https://lda.senate.gov/api/v1/filings/b87ea222-2ef1-447c-9cf4-663f6d762168/?format=json
7303a676-660b-490b-b50b-cd72068e21f7,2024,"BROWNSTEIN HYATT FARBER SCHRECK, LLP",KUWAIT & GULF LINK HOLDING,KW,KW,KW,50000.0,1,1,0,0,https://lda.senate.gov/api/v1/filings/7303a676-660b-490b-b50b-cd72068e21f7/?format=json
33ece616-4c01-4ca7-bb0a-65ac72166006,2024,"GALILEO CONSULTING GROUP, INC.","SONOSITE, A SUBSIDIARY OF FUJIFILM (FORMERLY SONOSITE, INC.)",,,JP,40000.0,1,1,0,0,https://lda.senate.gov/api/v1/filings/33ece616-4c01-4ca7-bb0a-65ac72166006/?format=json
d4748686-731b-4c65-9d93-71d512546692,2024,"GALILEO CONSULTING GROUP, INC.","SONOSITE, A SUBSIDIARY OF FUJIFILM (FORMERLY SONOSITE, INC.)",,,JP,40000.0,1,1,0,0,https://lda.senate.gov/api/v1/filings/d4748686-731b-4c65-9d93-71d512546692/?format=json
681d88e3-02a8-4e14-b11d-fc1f5cca7062,2024,FGS GLOBAL (US) LLC (FKA FGH HOLDINGS LLC),WUXI BIOLOGICS USA LLC,CN,CN,"CN,HK,IE,KY",40000.0,1,1,0,0,https://lda.senate.gov/api/v1/filings/681d88e3-02a8-4e14-b11d-fc1f5cca7062/?format=json
dd9d13b0-f8c2-4fef-a410-fe593deca516,2024,"GALILEO CONSULTING GROUP, INC.","SONOSITE, A SUBSIDIARY OF FUJIFILM (FORMERLY SONOSITE, INC.)",,,JP,30000.0,1,1,0,0,https://lda.senate.gov/api/v1/filings/dd9d13b0-f8c2-4fef-a410-fe593deca516/?format=json
4cd1d088-6cff-460d-a874-9fd58edef606,2025,THROUGHLINE GLOBAL ADVISORS,VEON,AE,AE,AE,10800.0,1,1,0,0,https://lda.senate.gov/api/v1/filings/4cd1d088-6cff-460d-a874-9fd58edef606/?format=json
5adfcd3a-f3dc-448c-aa81-cb723c44758c,2024,APCO WORLDWIDE LLC,"DP WORLD AMERICAS RO, INC.",AE,AE,"AE,VG",10000.0,1,1,0,0,https://lda.senate.gov/api/v1/filings/5adfcd3a-f3dc-448c-aa81-cb723c44758c/?format=json
1a18ee48-69ee-4783-ae91-06df628da02e,2025,"WHITMER & WORRALL, LLC",MOMENT ENERGY,CA,CA,CA,10000.0,1,1,0,0,https://lda.senate.gov/api/v1/filings/1a18ee48-69ee-4783-ae91-06df628da02e/?format=json
73e0914e-da42-44bf-8b33-e8e5de3dc56f,2024,"GREENBERG TRAURIG, LLP",DEACERO S.A.P.I. DE C.V.,MX,MX,MX,10000.0,1,1,0,0,https://lda.senate.gov/api/v1/filings/73e0914e-da42-44bf-8b33-e8e5de3dc56f/?format=json
d67c720f-e01b-46a7-bda3-505bc067010b,2025,"AMERICAN AUTOMOTIVE POLICY COUNCIL, INC.","AMERICAN AUTOMOTIVE POLICY COUNCIL, INC.",US,US,"GB,NL",,0,0,1,0,https://lda.senate.gov/api/v1/filings/d67c720f-e01b-46a7-bda3-505bc067010b/?format=json
694eb402-409f-4a8a-a453-521ced0cf01b,2025,EVERSHEDS SUTHERLAND (US) LLP,MAUREL &AMP; PROM,FR,FR,ID,,1,1,1,0,https://lda.senate.gov/api/v1/filings/694eb402-409f-4a8a-a453-521ced0cf01b/?format=json
c7f617c3-098e-487c-bd5c-fa63d274938b,2025,"TSG ADVOCATES DC, LLC","MAYANIQUEL, SOCIEDAD ANONINA",GT,GT,CH,,1,1,0,0,https://lda.senate.gov/api/v1/filings/c7f617c3-098e-487c-bd5c-fa63d274938b/?format=json
3d61bd63-c576-489c-b3b2-43f75358d347,2025,"K&L GATES, LLP",ACCIONA NORDEX GREEN HYDROGEN SL,ES,ES,"DE,ES,NL",,1,1,0,0,https://lda.senate.gov/api/v1/filings/3d61bd63-c576-489c-b3b2-43f75358d347/?format=json
40fd796f-623b-4726-a5ec-a515fb45fb19,2024,SIC GROUP USA LLC,INSTITUTE FOR DEMOCRACY AND DEVELOMMENT POLITA,UA,UA,UA,,1,1,0,0,https://lda.senate.gov/api/v1/filings/40fd796f-623b-4726-a5ec-a515fb45fb19/?format=json
d5bc7d05-e5d1-4fe1-97a4-70241355252a,2025,CAPITOL ASSET STRATEGIES,"AVALANCHE BVI, INC.",VG,VG,"SG,VG",,1,1,0,0,https://lda.senate.gov/api/v1/filings/d5bc7d05-e5d1-4fe1-97a4-70241355252a/?format=json
f8de5626-f85f-4c1c-85bf-dd7094f27529,2025,BITDEER TECHNOLOGIES GROUP,BITDEER TECHNOLOGIES GROUP,KY,KY,"HK,VG",,1,1,0,0,https://lda.senate.gov/api/v1/filings/f8de5626-f85f-4c1c-85bf-dd7094f27529/?format=json
959f0e20-37b7-4d79-ad82-1692959f4243,2025,INVARIANT LLC,KARPOWERSHIP UK LIMITED FKA KARPOWERSHIP,TR,TR,GB,,1,1,0,0,https://lda.senate.gov/api/v1/filings/959f0e20-37b7-4d79-ad82-1692959f4243/?format=json
aad622e2-8d4a-46e0-805d-64fb8803bafe,2024,"CORNERSTONE GOVERNMENT AFFAIRS, INC.",SUNRISE FOODS INTERNATIONAL (USA) INC.,CA,CA,CA,,1,1,0,0,https://lda.senate.gov/api/v1/filings/aad622e2-8d4a-46e0-805d-64fb8803bafe/?format=json
75e4ed28-fa85-4935-85a6-d9ad01df35e4,2025,"MILLER STRATEGIES, LLC","TETHER HOLDINGS, S.A. DE C.V.(FORMERLY KNOWN AS TETHER OPERATIONS, S.A. DE C.V.)",SV,SV,"SV,VG",,1,1,0,0,https://lda.senate.gov/api/v1/filings/75e4ed28-fa85-4935-85a6-d9ad01df35e4/?format=json
00a20fc4-7e80-4b44-b657-c3a353ae5183,2024,DLA PIPER LLP (US),"YULCHON, LLC (FOR LG ENERGY SOLUTION, LTD. AND HANWHA SOLUTIONS CORP.)",KR,KR,KR,,1,1,0,0,https://lda.senate.gov/api/v1/filings/00a20fc4-7e80-4b44-b657-c3a353ae5183/?format=json
f8516f8c-de77-4fd3-a320-8fa3208bbde2,2024,QORVIS HOLDING INC - GEOPOLS,UNION OF OIL AND GAS PRODUCERS RUSSIA,RU,US,RU,,1,0,1,0,https://lda.senate.gov/api/v1/filings/f8516f8c-de77-4fd3-a320-8fa3208bbde2/?format=json
fa9e497e-805d-48eb-b412-4caee53e0d81,2024,"DB3, LLC (FKA THE DASCHLE GROUP)",ANTOFAGASTA MINERALS S.A.,CL,CL,CL,,1,1,0,0,https://lda.senate.gov/api/v1/filings/fa9e497e-805d-48eb-b412-4caee53e0d81/?format=json
108e0d6a-f8aa-4323-b898-6a3406621bed,2025,"MERCURY PUBLIC AFFAIRS, LLC","BEIJING XIAOMI MOBILE SOFTWARE CO., LTD",US,US,CN,,0,0,1,0,https://lda.senate.gov/api/v1/filings/108e0d6a-f8aa-4323-b898-6a3406621bed/?format=json
73aecf03-0c92-440e-923c-8b6221314e73,2026,BLANK ROME GOVERNMENT RELATIONS,U.S. GOLDMINING INC.,CA,CA,CA,,1,1,0,0,https://lda.senate.gov/api/v1/filings/73aecf03-0c92-440e-923c-8b6221314e73/?format=json
6cbd93ce-4323-432a-9864-048b507fee35,2025,THORN RUN PARTNERS,"AVALANCHE BVI, INC.",VI,VI,"SG,VG",,1,1,0,0,https://lda.senate.gov/api/v1/filings/6cbd93ce-4323-432a-9864-048b507fee35/?format=json
0ce371f9-a8a9-4258-b5f2-81cc29be6512,2025,PRISM GROUP,PEMBINA PIPELINE CORP.,CA,CA,CA,,1,1,0,0,https://lda.senate.gov/api/v1/filings/0ce371f9-a8a9-4258-b5f2-81cc29be6512/?format=json
deca37e8-34fc-47d2-b2bb-04aed34c5f66,2024,A1.9 STRATEGIES LLC,CHANTIER DAVIE CANADA INC.,CA,CA,CA,,1,1,0,0,https://lda.senate.gov/api/v1/filings/deca37e8-34fc-47d2-b2bb-04aed34c5f66/?format=json
afc680bd-2455-458f-944d-56fa67b23692,2025,"BECKER & POLIAKOFF, P.A.",ASSOCIAZIONE INDUSTRIALI DELLE CARNI E DEI SALUMI,IT,IT,IT,,1,1,0,0,https://lda.senate.gov/api/v1/filings/afc680bd-2455-458f-944d-56fa67b23692/?format=json
7c445862-8615-4b93-ba5c-4803cd0d1869,2026,SQUIRE PATTON BOGGS,"BAE, KIM & LEE LLC ON BEHALF OF KCIH & YPC",KR,KR,KR,,1,1,0,0,https://lda.senate.gov/api/v1/filings/7c445862-8615-4b93-ba5c-4803cd0d1869/?format=json
95ef728b-bf54-4df7-a22b-175bbc0a40c1,2025,INVARIANT LLC,KARPOWERSHIP UK LIMITED FKA KARPOWERSHIP,TR,TR,TR,,1,1,0,0,https://lda.senate.gov/api/v1/filings/95ef728b-bf54-4df7-a22b-175bbc0a40c1/?format=json
68153642-b08c-4b07-a191-b84493589be6,2024,BOUNDARY STONE PARTNERS,COLD ELECTRIC,TW,TW,TW,,1,1,0,0,https://lda.senate.gov/api/v1/filings/68153642-b08c-4b07-a191-b84493589be6/?format=json
4b59ed80-25c5-41fd-b853-f006b6cbd657,2025,"COVENANT GOVERNMENT AFFAIRS, LLC","HYDROGRAPH USA, INC.",CA,CA,CA,,1,1,0,0,https://lda.senate.gov/api/v1/filings/4b59ed80-25c5-41fd-b853-f006b6cbd657/?format=json
06f850f2-6e1c-4bfb-8a3e-6c1b8db2983f,2024,"BROWNSTEIN HYATT FARBER SCHRECK, LLP",ULGEN HUKUK & DANISMANLIK OBO ICPHRD,TR,US,MD,,1,0,0,0,https://lda.senate.gov/api/v1/filings/06f850f2-6e1c-4bfb-8a3e-6c1b8db2983f/?format=json
895d05f5-ff41-4dcf-8a87-536c24a73d6b,2025,"ELWELL & ASSOCIATES, LLC",ELBIT SYSTEMS - CYCLONE LTD.,IL,IL,IL,,1,1,0,0,https://lda.senate.gov/api/v1/filings/895d05f5-ff41-4dcf-8a87-536c24a73d6b/?format=json
3ad2cf93-aa33-455c-892a-4e5a395b7ea2,2025,262 STRATEGY LLC,"THALES USA, INC.",US,US,FR,,0,0,1,0,https://lda.senate.gov/api/v1/filings/3ad2cf93-aa33-455c-892a-4e5a395b7ea2/?format=json
3cd449ee-1f35-48d1-bf83-8a9ef6a94f6c,2025,"BROWNSTEIN HYATT FARBER SCHRECK, LLP","ANT GROUP CO., LTD.",CN,US,CN,,1,0,0,0,https://lda.senate.gov/api/v1/filings/3cd449ee-1f35-48d1-bf83-8a9ef6a94f6c/?format=json
068a2fb6-8c90-429a-8e13-9ad9f94f62d1,2025,PERSPECTIVE STRATEGIES,NEST SERVICES LIMITED (BINANCE),SC,SC,SC,,1,1,0,0,https://lda.senate.gov/api/v1/filings/068a2fb6-8c90-429a-8e13-9ad9f94f62d1/?format=json
e3204812-9a2a-414c-936e-677ea585c83b,2024,BGR GOVERNMENT AFFAIRS,TOPSOE A/S,DK,DK,"DK,SG",,1,1,0,0,https://lda.senate.gov/api/v1/filings/e3204812-9a2a-414c-936e-677ea585c83b/?format=json
2d0cf6b4-6ee6-4ca5-93e4-0f6cf209eab2,2025,ARENTFOX SCHIFF LLP,ARTON CAPITAL INC.,CA,CA,AT,,1,1,0,0,https://lda.senate.gov/api/v1/filings/2d0cf6b4-6ee6-4ca5-93e4-0f6cf209eab2/?format=json
6de00983-7765-4443-b28b-371e3ec0bfb3,2025,SYENSQO USA LLC,SYENSQO USA LLC,US,US,FR,,0,0,1,0,https://lda.senate.gov/api/v1/filings/6de00983-7765-4443-b28b-371e3ec0bfb3/?format=json
f8cc2d48-172b-478f-9e88-db276d0ec21e,2024,EASTPORT STRATEGIES LLC,SOLINTEL,EE,EE,EE,,1,1,0,0,https://lda.senate.gov/api/v1/filings/f8cc2d48-172b-478f-9e88-db276d0ec21e/?format=json
863842ed-b1a2-48bb-844b-a53cce74a5fc,2024,SIC GROUP USA LLC,"NGO ""FREE AND FAITHFUL""",UA,US,UA,,1,0,0,0,https://lda.senate.gov/api/v1/filings/863842ed-b1a2-48bb-844b-a53cce74a5fc/?format=json
2d9c7003-2202-43fb-b5fe-401a58ff99ff,2025,"MERCURY PUBLIC AFFAIRS, LLC",GRUP IMMOBILIARI CIERCO,AD,AD,AD,,1,1,0,0,https://lda.senate.gov/api/v1/filings/2d9c7003-2202-43fb-b5fe-401a58ff99ff/?format=json
28e0d47c-6080-4b0c-90b1-0e243ad8c5a4,2025,PMI US CORPORATE SERVICES INC. (FKA PMI GLOBAL SERVICES INC.),PMI US CORPORATE SERVICES INC. (FKA PMI GLOBAL SERVICES INC.),US,US,CH,,0,0,1,0,https://lda.senate.gov/api/v1/filings/28e0d47c-6080-4b0c-90b1-0e243ad8c5a4/?format=json
d82098ce-b428-4fa2-a014-31815afa8ff9,2024,COVINGTON & BURLING LLP,RENDEAVOUR HOLDING LTD.,BM,BM,KE,,1,1,0,0,https://lda.senate.gov/api/v1/filings/d82098ce-b428-4fa2-a014-31815afa8ff9/?format=json
90378d74-c88f-4be6-8e58-99edc9eb062f,2025,"THE MCKEON GROUP, INC.",MOMENTUM SOLUTIONS,CA,CA,CA,,1,1,0,0,https://lda.senate.gov/api/v1/filings/90378d74-c88f-4be6-8e58-99edc9eb062f/?format=json
f9c9d651-3cd4-4bc3-803e-e940e2af1e9b,2025,PRIME POLICY GROUP,CABICO&CO,CA,CA,CA,,1,1,0,0,https://lda.senate.gov/api/v1/filings/f9c9d651-3cd4-4bc3-803e-e940e2af1e9b/?format=json
c8762512-85cb-48f4-b7d8-2b3b8007a5ce,2024,MEDSECUREAN.COM,INDIAN PHARMACEUTICAL ALLIANCE(FORMERLY INDIAN PHARMACEUTICAL ASSOCIATION),IN,US,IN,,1,0,0,0,https://lda.senate.gov/api/v1/filings/c8762512-85cb-48f4-b7d8-2b3b8007a5ce/?format=json
c5b48f7a-e0bf-4024-a6cd-64fe8818ce79,2026,THE VOGEL GROUP,AMS OSRAM AG,AT,AT,AT,,1,1,0,0,https://lda.senate.gov/api/v1/filings/c5b48f7a-e0bf-4024-a6cd-64fe8818ce79/?format=json
731f00d8-dd8b-4b30-a562-3911c1c03c33,2024,"AMERICAN AUTOMOTIVE POLICY COUNCIL, INC.","AMERICAN AUTOMOTIVE POLICY COUNCIL, INC.",US,US,"GB,NL",,0,0,1,0,https://lda.senate.gov/api/v1/filings/731f00d8-dd8b-4b30-a562-3911c1c03c33/?format=json
3454b2ba-4773-4585-9cce-6b68bf9ab700,2024,ALKI STRATEGIES LLC,MERCANTILE PORTS & LOGISTICS LIMITED,GB,GB,GB,,1,1,0,0,https://lda.senate.gov/api/v1/filings/3454b2ba-4773-4585-9cce-6b68bf9ab700/?format=json
ab465aed-af77-4b7d-a3a3-676b2ec81962,2024,INTERLINK CAPITAL STRATEGIES,TELEKOM SRBIJA,RS,US,RS,,1,0,0,0,https://lda.senate.gov/api/v1/filings/ab465aed-af77-4b7d-a3a3-676b2ec81962/?format=json
3f485a0e-41f3-47f5-8b1e-7b6cbfb0f699,2025,CHECKMATE GOVERNMENT RELATIONS,GRAND PHARMACEUTICAL GROUP LTD (FKA EAST OCEAN MEDICAL (HONG KONG) LIMITED),CN,CN,CN,,1,1,0,0,https://lda.senate.gov/api/v1/filings/3f485a0e-41f3-47f5-8b1e-7b6cbfb0f699/?format=json
96f1c31a-f936-49e6-8be2-208ac23f380f,2024,"BROWNSTEIN HYATT FARBER SCHRECK, LLP",ANGLOAMERICAN WOODSMITH LIMITED,GB,US,GB,,1,0,0,0,https://lda.senate.gov/api/v1/filings/96f1c31a-f936-49e6-8be2-208ac23f380f/?format=json
a5ad2bf3-635d-413d-9f54-b6f983e4d72c,2025,CAPITAL PARK PARTNERS LLC,AMETEK AIRTECHNOLOGY GROUP LTD,GB,GB,GB,,1,1,0,0,https://lda.senate.gov/api/v1/filings/a5ad2bf3-635d-413d-9f54-b6f983e4d72c/?format=json
4651da7c-5c4b-48f6-8208-17c5be2c1596,2024,MCGINNIS LOCKRIDGE,"XTAGON ENERGY, INC.",US,US,TR,,0,0,1,0,https://lda.senate.gov/api/v1/filings/4651da7c-5c4b-48f6-8208-17c5be2c1596/?format=json
88d38c82-cb7c-4558-92db-5c679e7feb29,2024,"IQOM STRATEGIC ADVISORS, LLC",ATENTO,MX,MX,LB,,1,1,0,0,https://lda.senate.gov/api/v1/filings/88d38c82-cb7c-4558-92db-5c679e7feb29/?format=json
e1c03b62-b015-4a6b-9bc4-4386e6d4c65f,2025,PMI US CORPORATE SERVICES INC. (FKA PMI GLOBAL SERVICES INC.),PMI US CORPORATE SERVICES INC. (FKA PMI GLOBAL SERVICES INC.),US,US,CH,,0,0,1,0,https://lda.senate.gov/api/v1/filings/e1c03b62-b015-4a6b-9bc4-4386e6d4c65f/?format=json
1656d63f-ee34-416f-b903-f9c9ed9c8120,2025,ELENI KALISCH,"NORWEGIAN CRUISE LINE HOLDINGS, LTD.",BM,BM,BM,,1,1,0,0,https://lda.senate.gov/api/v1/filings/1656d63f-ee34-416f-b903-f9c9ed9c8120/?format=json
b8ab5a39-0232-4eea-a298-8d372bd19b6f,2024,VAN SCOYOC ASSOCIATES,PERSPECTUM LTD,GB,GB,GB,,1,1,0,0,https://lda.senate.gov/api/v1/filings/b8ab5a39-0232-4eea-a298-8d372bd19b6f/?format=json
723c9d48-8c63-417c-bf11-6cffb680532b,2025,STILLPOINT PARTNERS,VEON LTD.,AE,US,LU,,1,0,0,0,https://lda.senate.gov/api/v1/filings/723c9d48-8c63-417c-bf11-6cffb680532b/?format=json
6be53513-3314-469a-9f3b-92d1f3b8b955,2025,"SANDLER, TRAVIS & ROSENBERG, P.A.",LT FOODS,IN,IN,IN,,1,1,0,0,https://lda.senate.gov/api/v1/filings/6be53513-3314-469a-9f3b-92d1f3b8b955/?format=json
257ed3b2-668e-4e0e-94c8-be0305c65a35,2025,PRISM GROUP,IPS ENERGY (AFRICA) INVESTMENTS LIMITED,MU,MU,MU,,1,1,0,0,https://lda.senate.gov/api/v1/filings/257ed3b2-668e-4e0e-94c8-be0305c65a35/?format=json
35b5c741-ffe0-43cd-966f-d9399f24a670,2026,"K&L GATES, LLP",BORYUNG CORPORATION,KR,KR,KR,,1,1,0,0,https://lda.senate.gov/api/v1/filings/35b5c741-ffe0-43cd-966f-d9399f24a670/?format=json
a251e930-4496-4db2-984d-66a7b0bccea0,2025,BRACEWELL LLP,TELE-FONIKA CABLE AMERICAS CORPORATION,PL,PL,PL,,1,1,0,0,https://lda.senate.gov/api/v1/filings/a251e930-4496-4db2-984d-66a7b0bccea0/?format=json
c05757bc-592e-4c90-99d5-b56e64c0a150,2025,JAVELIN ADVISORS LLC,"I-MEI FOODS CO., LTD.",TW,TW,TW,,1,1,0,0,https://lda.senate.gov/api/v1/filings/c05757bc-592e-4c90-99d5-b56e64c0a150/?format=json
1964570a-131f-47e5-b8a3-b06aedeb8f49,2025,"DIGITAL TRADING SCIENCE & TECHNOLOGY (BEIJING) CO., LTD. DBA DHGATE","DIGITAL TRADING SCIENCE & TECHNOLOGY (BEIJING) CO., LTD. DBA DHGATE",CN,CN,CN,,1,1,0,0,https://lda.senate.gov/api/v1/filings/1964570a-131f-47e5-b8a3-b06aedeb8f49/?format=json
30997b15-221d-4d3d-8b50-1e7d28f4e586,2024,"AMERICAN AUTOMOTIVE POLICY COUNCIL, INC.","AMERICAN AUTOMOTIVE POLICY COUNCIL, INC.",US,US,"GB,NL",,0,0,1,0,https://lda.senate.gov/api/v1/filings/30997b15-221d-4d3d-8b50-1e7d28f4e586/?format=json
27dff165-4716-46fc-b9ea-016711832434,2024,BACHNER GROUP,EMBASSY OF THE STATE OF QATAR,US,US,US,,0,0,0,1,https://lda.senate.gov/api/v1/filings/27dff165-4716-46fc-b9ea-016711832434/?format=json
17359b43-6e41-4c15-a924-425cdf55a644,2024,PERSEUS STRATEGIES,SOLWAY INVESTMENT GROUP,CH,CH,GT,,1,1,0,0,https://lda.senate.gov/api/v1/filings/17359b43-6e41-4c15-a924-425cdf55a644/?format=json
eaa8d494-9498-42af-b6a9-478e5be3bf46,2025,CAPITOL COUNSEL LLC,TRACPLUS,NZ,NZ,NZ,,1,1,0,0,https://lda.senate.gov/api/v1/filings/eaa8d494-9498-42af-b6a9-478e5be3bf46/?format=json
e3dfbde7-e208-4d57-a2d2-7e35cf7aed5e,2025,BALLARD SPAHR LLP,WALLENIUS WILHELMSEN OCEAN AS,NO,NO,NO,,1,1,0,0,https://lda.senate.gov/api/v1/filings/e3dfbde7-e208-4d57-a2d2-7e35cf7aed5e/?format=json
cf31f24a-a8dd-45c1-8016-b1363b8490e3,2024,COZEN O'CONNOR PUBLIC STRATEGIES,WATER FROM INNOVATION LLC,IL,IL,IL,,1,1,0,0,https://lda.senate.gov/api/v1/filings/cf31f24a-a8dd-45c1-8016-b1363b8490e3/?format=json
7aa1177a-1026-40aa-bc09-a7333105eef2,2025,CAMPCO RESEARCH LTD.,CLEAR BLUE ENTERPRISES LTD,HK,HK,AU,,1,1,0,0,https://lda.senate.gov/api/v1/filings/7aa1177a-1026-40aa-bc09-a7333105eef2/?format=json
a00fa3d2-7a8c-4696-a9c9-4b59e3ab67de,2024,BOUNDARY STONE PARTNERS,DIOXYCLE,FR,FR,FR,,1,1,0,0,https://lda.senate.gov/api/v1/filings/a00fa3d2-7a8c-4696-a9c9-4b59e3ab67de/?format=json
03e027bb-baae-4148-8f67-b96ba0e277e1,2024,"RK STRATEGIES, INC.",ELSE NUTRITION GH LTD.,IL,IL,IL,,1,1,0,0,https://lda.senate.gov/api/v1/filings/03e027bb-baae-4148-8f67-b96ba0e277e1/?format=json
e7dd709c-c36f-4fef-a63a-81fce3ba072e,2025,"DIGITAL TRADING SCIENCE & TECHNOLOGY (BEIJING) CO., LTD. DBA DHGATE","DIGITAL TRADING SCIENCE & TECHNOLOGY (BEIJING) CO., LTD. DBA DHGATE",CN,CN,CN,,1,1,0,0,https://lda.senate.gov/api/v1/filings/e7dd709c-c36f-4fef-a63a-81fce3ba072e/?format=json
6f5407f6-d7ee-4855-a78e-34a9d346bc6b,2024,"BROWNSTEIN HYATT FARBER SCHRECK, LLP",ANGLO AMERICAN SERVICES (UK) LIMITED,GB,US,GB,,1,0,0,0,https://lda.senate.gov/api/v1/filings/6f5407f6-d7ee-4855-a78e-34a9d346bc6b/?format=json
781c62ec-0e5f-48e7-910d-1e70fe3ea229,2025,"WILLIAMS AND JENSEN, PLLC",WORLD DOG ALLIANCE (HONG KONG) LIMITED,HK,HK,HK,,1,1,0,0,https://lda.senate.gov/api/v1/filings/781c62ec-0e5f-48e7-910d-1e70fe3ea229/?format=json
7ecbe9b8-9e14-4e0c-8f54-80fadb4b0663,2025,LILETTE ADVISORS,"TETHER OPERATIONS, S.A. DE C.V.",SV,SV,"SV,VG",,1,1,0,0,https://lda.senate.gov/api/v1/filings/7ecbe9b8-9e14-4e0c-8f54-80fadb4b0663/?format=json
b19a3624-d187-47e3-b043-35bdcb237327,2025,THE VOGEL GROUP,MTN (DUBAI) LIMITED,AE,AE,"MU,ZA",,1,1,0,0,https://lda.senate.gov/api/v1/filings/b19a3624-d187-47e3-b043-35bdcb237327/?format=json
5f8e613d-6ad6-4617-85fc-35b2d949beca,2024,DIGITAL SOVEREIGNTY ALLIANCE,TRON BLOCKCHAIN AND DAO (AS SUPPORTED BY TRON TECH LIMITED AND RAINCO PTE LTD.),VG,VG,"SG,VG",,1,1,0,0,https://lda.senate.gov/api/v1/filings/5f8e613d-6ad6-4617-85fc-35b2d949beca/?format=json
3f897aee-b3fc-4633-93cf-7e4cadeff933,2025,CLARK HILL PUBLIC STRATEGIES LLC,MAXEON SOLAR TECHNOLOGIES LTD.,SG,SG,CN,,1,1,0,0,https://lda.senate.gov/api/v1/filings/3f897aee-b3fc-4633-93cf-7e4cadeff933/?format=json
5f606f3a-f1f1-46d5-8984-ab34b607a34f,2025,MICHAEL BEST STRATEGIES LLC,"COLOSSEUM RARE METALS, INC.",AU,AU,AU,,1,1,0,0,https://lda.senate.gov/api/v1/filings/5f606f3a-f1f1-46d5-8984-ab34b607a34f/?format=json
eda7a0c7-5907-47ce-8581-30bd78fc3424,2025,AKIN GUMP STRAUSS HAUER & FELD,UNITED SOLAR POLYSILICON (FZC) SPC,OM,OM,"CN,OM",,1,1,0,0,https://lda.senate.gov/api/v1/filings/eda7a0c7-5907-47ce-8581-30bd78fc3424/?format=json
0db502bb-1eee-4046-b8fe-f93bfc93cfc6,2026,"BALLARD PARTNERS, LLC",HELFIE MANAGEMENT PTY LTD,AU,AU,AU,,1,1,0,0,https://lda.senate.gov/api/v1/filings/0db502bb-1eee-4046-b8fe-f93bfc93cfc6/?format=json
b03a0de0-4a25-48d7-b814-6801c93ff763,2024,THE GENERATION FOUNDATION,THE GENERATION FOUNDATION,GB,GB,GB,,1,1,0,0,https://lda.senate.gov/api/v1/filings/b03a0de0-4a25-48d7-b814-6801c93ff763/?format=json
f644d85c-f8c0-4f13-878c-2fbf756e33db,2026,ARNOLD & PORTER KAYE SCHOLER LLP,"ESTEVE PHARMACEUTICALS, S.A.",ES,ES,"DE,ES",,1,1,0,0,https://lda.senate.gov/api/v1/filings/f644d85c-f8c0-4f13-878c-2fbf756e33db/?format=json
79d69700-2086-4094-ac54-a3cd5fb41ed9,2026,MR. DAVID FRIEDMAN,"OSY TECHNOLOGIES S.A.R.L. AND ITS SUBSIDIARY WESTBRIDGE TECHNOLOGY, INC.",LU,LU,IL,,1,1,0,0,https://lda.senate.gov/api/v1/filings/79d69700-2086-4094-ac54-a3cd5fb41ed9/?format=json
61ba683d-e3c3-402a-a338-86bd23ee2518,2025,"ANT GROUP CO., LTD.","ANT GROUP CO., LTD.",CN,CN,"KY,LU,SG",,1,1,0,0,https://lda.senate.gov/api/v1/filings/61ba683d-e3c3-402a-a338-86bd23ee2518/?format=json
faa5ebf0-c50f-4715-aa29-b6cea795cb07,2024,"GREENBERG TRAURIG, LLP",DEACERO S.A.P.I. DE C.V.,MX,MX,MX,,1,1,0,0,https://lda.senate.gov/api/v1/filings/faa5ebf0-c50f-4715-aa29-b6cea795cb07/?format=json
d3659ac8-9124-4400-81b7-6eca1f527527,2024,ARNOLD & PORTER KAYE SCHOLER LLP,NOVO NORDISK A/S,DK,DK,DK,,1,1,0,0,https://lda.senate.gov/api/v1/filings/d3659ac8-9124-4400-81b7-6eca1f527527/?format=json
652dff13-6749-4db7-88fd-864c0d724451,2024,"AMERICAN AUTOMOTIVE POLICY COUNCIL, INC.","AMERICAN AUTOMOTIVE POLICY COUNCIL, INC.",US,US,"GB,NL",,0,0,1,0,https://lda.senate.gov/api/v1/filings/652dff13-6749-4db7-88fd-864c0d724451/?format=json
5d0c08a7-b16c-4848-8b9c-d62104e6996a,2025,BGR GOVERNMENT AFFAIRS,WISON NEW ENERGIES COMPANY,CN,CN,"CN,HK,VG",,1,1,1,0,https://lda.senate.gov/api/v1/filings/5d0c08a7-b16c-4848-8b9c-d62104e6996a/?format=json
2334bf6d-ca08-4917-9640-ea94ab4e1dae,2025,BALLARD PARTNERS,BANCO BTG PACTUAL S.A. - CAYMAN BRANCH,KY,KY,BR,,1,1,0,0,https://lda.senate.gov/api/v1/filings/2334bf6d-ca08-4917-9640-ea94ab4e1dae/?format=json
af864e84-796b-43d0-bba5-28dae271d6c3,2026,THORN RUN PARTNERS,HORSE HEAVEN HOLDINGS INC.,CA,CA,AU,,1,1,0,0,https://lda.senate.gov/api/v1/filings/af864e84-796b-43d0-bba5-28dae271d6c3/?format=json
f57d2b74-3504-4ad1-95ba-871c02a91211,2024,"C6 STRATEGIES, LLC (FKA MS. DANA W. HUDSON)",ATHENA ARTIFICIAL INTELLIGENCE PTY LTD,AU,AU,AU,,1,1,0,0,https://lda.senate.gov/api/v1/filings/f57d2b74-3504-4ad1-95ba-871c02a91211/?format=json
f3f2042c-feff-42bd-bfd2-610ec466679c,2025,MR. TOBIAS PETER NOSKWITH,MR. TOBIAS PETER NOSKWITH,GB,GB,GB,,1,1,0,0,https://lda.senate.gov/api/v1/filings/f3f2042c-feff-42bd-bfd2-610ec466679c/?format=json
2606d024-a31c-4d8c-b84c-597d9fffe09b,2025,BALLARD PARTNERS,"KOREA ZINC COMPANY, LTD.",KR,KR,KR,,1,1,0,0,https://lda.senate.gov/api/v1/filings/2606d024-a31c-4d8c-b84c-597d9fffe09b/?format=json
cb4523ee-23a2-41f9-a621-a5f164ee6145,2025,"K&L GATES, LLP",BAJA AQUA-FARMS SA DE CV,MX,MX,MX,,1,1,0,0,https://lda.senate.gov/api/v1/filings/cb4523ee-23a2-41f9-a621-a5f164ee6145/?format=json
d34f35f5-834a-43ae-a9bf-a9f3db93a9d0,2024,THE MADISON GROUP,MTN (DUBAI) LIMITED,AE,AE,ZA,,1,1,0,0,https://lda.senate.gov/api/v1/filings/d34f35f5-834a-43ae-a9bf-a9f3db93a9d0/?format=json
7bb821ea-b3a5-4ad8-9cdd-11ebb7ded4ef,2024,MCLARTY INBOUND LLC,MAHA ENERGY,BR,BR,BR,,1,1,0,0,https://lda.senate.gov/api/v1/filings/7bb821ea-b3a5-4ad8-9cdd-11ebb7ded4ef/?format=json
39c5e2aa-49db-4b97-b378-ce51417a7910,2025,BALLARD PARTNERS,FMG PROCUREMENT SERVICES PTY LTD,AU,AU,AU,,1,1,0,0,https://lda.senate.gov/api/v1/filings/39c5e2aa-49db-4b97-b378-ce51417a7910/?format=json
230cd9be-1b81-4399-8639-6cf996d8409c,2025,GROISMAN LLC,"LIGHTSOLVER, LTD",IL,IL,IL,,1,1,0,0,https://lda.senate.gov/api/v1/filings/230cd9be-1b81-4399-8639-6cf996d8409c/?format=json
cc7b9422-06f6-4420-ac02-3f701e9655a4,2024,FTI GOVERNMENT AFFAIRS,KYIVSTAR JSC,UA,UA,"LU,NL",,1,1,0,0,https://lda.senate.gov/api/v1/filings/cc7b9422-06f6-4420-ac02-3f701e9655a4/?format=json
2d7d9189-000d-4070-940e-a3a54d55d01f,2025,"CONTINENTAL STRATEGY, LLC","ATLANTIDA GLOBAL SERVICES, INC",PA,PA,GB,,1,1,0,0,https://lda.senate.gov/api/v1/filings/2d7d9189-000d-4070-940e-a3a54d55d01f/?format=json
3fd28252-4ec2-4814-b09d-87408ec1a7ea,2024,RISING TIDE ASSOCIATES,DEVAN CHEMICALS N.V.,BE,BE,BE,,1,1,0,0,https://lda.senate.gov/api/v1/filings/3fd28252-4ec2-4814-b09d-87408ec1a7ea/?format=json
7054d343-96ea-4e85-8dee-946059f317c6,2025,BALLARD PARTNERS,BREITLING SA,CH,CH,CH,,1,1,0,0,https://lda.senate.gov/api/v1/filings/7054d343-96ea-4e85-8dee-946059f317c6/?format=json
6ffc9525-2752-4b9f-953b-0340c438e6f3,2024,QORVIS HOLDING INC - GEOPOLS,UNION OF OIL AND GAS PRODUCERS RUSSIA,RU,US,RU,,1,0,1,0,https://lda.senate.gov/api/v1/filings/6ffc9525-2752-4b9f-953b-0340c438e6f3/?format=json
46e11c28-f52a-4ef2-9630-4e071a965495,2025,LOBBYIT.COM,FORTRAN TRAFFIC SYSTEMS LTD.,CA,CA,CA,,1,1,0,0,https://lda.senate.gov/api/v1/filings/46e11c28-f52a-4ef2-9630-4e071a965495/?format=json
9447bf56-aefd-4570-b574-d0d42a81b032,2025,THE VOGEL GROUP,NSO GROUP,IL,IL,"IL,LU,PT",,1,1,0,0,https://lda.senate.gov/api/v1/filings/9447bf56-aefd-4570-b574-d0d42a81b032/?format=json
abb42902-e3ce-4c4f-ae90-e18e2ac50d0b,2025,CHARTWELL STRATEGY GROUP LLC,NSO GROUP,IL,IL,"IL,LU,PT",,1,1,0,0,https://lda.senate.gov/api/v1/filings/abb42902-e3ce-4c4f-ae90-e18e2ac50d0b/?format=json
6f17d648-a8f0-4ee7-8fdf-4e24e1564630,2025,BGR GOVERNMENT AFFAIRS,ANGEL LUX HOLDCO S.A R.L.,LU,LU,LU,,1,1,0,0,https://lda.senate.gov/api/v1/filings/6f17d648-a8f0-4ee7-8fdf-4e24e1564630/?format=json
48d6edff-1d59-4aa6-8284-5b9dd70653bb,2025,"CATALYST STRATEGIES, LLC",AKTOR ENERGY S.A.,GR,GR,GR,,1,1,0,0,https://lda.senate.gov/api/v1/filings/48d6edff-1d59-4aa6-8284-5b9dd70653bb/?format=json
ffe6fce0-55dc-4146-9d9c-d9d1500deec5,2024,BOUNDARY STONE PARTNERS,CARBON UPCYCLING,CA,CA,CA,,1,1,0,0,https://lda.senate.gov/api/v1/filings/ffe6fce0-55dc-4146-9d9c-d9d1500deec5/?format=json
cbbb646b-6553-4f75-a1a0-f7cb61059cfb,2025,BGR GOVERNMENT AFFAIRS,ALIBABA GROUP HOLDING LIMITED,KY,KY,JP,,1,1,0,0,https://lda.senate.gov/api/v1/filings/cbbb646b-6553-4f75-a1a0-f7cb61059cfb/?format=json
0e429352-8283-4723-9ac5-c62c80e4aded,2025,"ANT GROUP CO., LTD.","ANT GROUP CO., LTD.",CN,CN,CN,,1,1,0,0,https://lda.senate.gov/api/v1/filings/0e429352-8283-4723-9ac5-c62c80e4aded/?format=json
d5c2c532-49eb-4383-b189-cbd100de8f6d,2025,RIDGELINE ADVOCACY GROUP LLC,AKIN GUMP LLP ON BEHALF OF VEON LTD.,GB,GB,LU,,1,1,0,0,https://lda.senate.gov/api/v1/filings/d5c2c532-49eb-4383-b189-cbd100de8f6d/?format=json
dd18b1c6-42a3-4ffe-8da7-4b203d1db35d,2024,"CORNERSTONE GOVERNMENT AFFAIRS, INC.","LOUISIANA ENERGY SERVICES, LLC DBA URENCO USA",US,US,GB,,0,0,1,0,https://lda.senate.gov/api/v1/filings/dd18b1c6-42a3-4ffe-8da7-4b203d1db35d/?format=json
c4186041-4701-435b-bc67-24c3db27732c,2025,VALCOUR LLC,4IG,HU,HU,HU,,1,1,0,0,https://lda.senate.gov/api/v1/filings/c4186041-4701-435b-bc67-24c3db27732c/?format=json
632193bd-fd93-4218-95c4-21f3572be2ec,2025,ANKURA ADVOCACY LLC,JINDALEE LITHIUM,AU,AU,AU,,1,1,0,0,https://lda.senate.gov/api/v1/filings/632193bd-fd93-4218-95c4-21f3572be2ec/?format=json
fa0ea8c5-8d03-4539-9ac4-2a14df5fd89e,2025,URENCO USA INC.,URENCO USA INC.,US,US,GB,,0,0,1,0,https://lda.senate.gov/api/v1/filings/fa0ea8c5-8d03-4539-9ac4-2a14df5fd89e/?format=json
61286692-a9d8-4f1b-ad6d-d9895aa68093,2025,"EJK, LLC","LIGHTSOLVER, LTD (ON BEHALF OF GROISMAN, LLC",IL,IL,IL,,1,1,0,0,https://lda.senate.gov/api/v1/filings/61286692-a9d8-4f1b-ad6d-d9895aa68093/?format=json
021a92da-78d6-46a9-a20f-00949ae15c03,2025,INVARIANT LLC,KARPOWERSHIP UK LIMITED FKA KARPOWERSHIP,TR,TR,GB,,1,1,0,0,https://lda.senate.gov/api/v1/filings/021a92da-78d6-46a9-a20f-00949ae15c03/?format=json
a1636476-f7e9-4ac1-9ff8-22ad4aef2bb2,2024,SQUIRE PATTON BOGGS,KOREA HYDRO & NUCLEAR POWER CO. LTD (KHNP),KR,KR,KP,,1,1,0,0,https://lda.senate.gov/api/v1/filings/a1636476-f7e9-4ac1-9ff8-22ad4aef2bb2/?format=json
bd6bdbcb-8f9e-4dbb-b61e-b5a399ba0368,2025,"ALPINE GROUP PARTNERS, LLC.",VERTANICAL GMBH,DE,DE,DE,,1,1,0,0,https://lda.senate.gov/api/v1/filings/bd6bdbcb-8f9e-4dbb-b61e-b5a399ba0368/?format=json
fdcb3f4b-823a-4257-a18a-a398f1497e0b,2026,HOLLAND & KNIGHT LLP,LG CHEM LTD.,KR,KR,KR,,1,1,0,0,https://lda.senate.gov/api/v1/filings/fdcb3f4b-823a-4257-a18a-a398f1497e0b/?format=json
dc9290a6-d289-41da-9239-2ef89a3da6df,2025,BRIDGEWAY ADVOCACY,COMMISIMPEX,LB,LB,LB,,1,1,0,0,https://lda.senate.gov/api/v1/filings/dc9290a6-d289-41da-9239-2ef89a3da6df/?format=json
8572eb93-0306-47b0-bd26-18f88b0a96f7,2025,"ML STRATEGIES, LLC","THORNHILL RESEARCH, INC. DBA THORNHILL MEDICAL",CA,CA,CA,,1,1,0,0,https://lda.senate.gov/api/v1/filings/8572eb93-0306-47b0-bd26-18f88b0a96f7/?format=json
0f8505e8-c78b-4acf-8c65-e0a59923cf8f,2026,J M BURKMAN & ASSOCIATES,JEVA PACKAGING LIMITED,CA,CA,CA,,1,1,0,0,https://lda.senate.gov/api/v1/filings/0f8505e8-c78b-4acf-8c65-e0a59923cf8f/?format=json
39d0e6df-1a4c-4be5-9097-99c6f5513d6f,2024,RISING TIDE ASSOCIATES,BARRDAY CORPORATION,CA,CA,CA,,1,1,0,0,https://lda.senate.gov/api/v1/filings/39d0e6df-1a4c-4be5-9097-99c6f5513d6f/?format=json
36a6ed60-5d1b-407e-8e13-4b2a9b1e7d14,2025,PMI US CORPORATE SERVICES INC. (FKA PMI GLOBAL SERVICES INC.),PMI US CORPORATE SERVICES INC. (FKA PMI GLOBAL SERVICES INC.),US,US,CH,,0,0,1,0,https://lda.senate.gov/api/v1/filings/36a6ed60-5d1b-407e-8e13-4b2a9b1e7d14/?format=json
ec425472-127a-453a-8748-1bd8836f8c90,2025,"GALILEO CONSULTING GROUP, INC.","SONOSITE, A SUBSIDIARY OF FUJIFILM (FORMERLY SONOSITE, INC.)",,,JP,,1,1,0,0,https://lda.senate.gov/api/v1/filings/ec425472-127a-453a-8748-1bd8836f8c90/?format=json
caaaf833-a761-4517-bc65-7469c3eb43e6,2025,NELSON MULLINS RILEY & SCARBOROUGH,CROPFIELD TRADING COMPANY,EE,EE,UA,,1,1,0,0,https://lda.senate.gov/api/v1/filings/caaaf833-a761-4517-bc65-7469c3eb43e6/?format=json
819ae41b-c624-475b-9817-e68cd62aa00d,2025,BALLARD PARTNERS,IRVING OIL LTD.,CA,CA,CA,,1,1,0,0,https://lda.senate.gov/api/v1/filings/819ae41b-c624-475b-9817-e68cd62aa00d/?format=json
4aad9f50-8956-4c74-91e2-dc662133d053,2025,"AMERICAN AUTOMOTIVE POLICY COUNCIL, INC.","AMERICAN AUTOMOTIVE POLICY COUNCIL, INC.",US,US,"GB,NL",,0,0,1,0,https://lda.senate.gov/api/v1/filings/4aad9f50-8956-4c74-91e2-dc662133d053/?format=json
f493527c-e483-4768-8831-56f8a0262705,2026,THE VOGEL GROUP,SMOORE INTERNATIONAL HOLDINGS LIMITED,HK,HK,HK,,1,1,0,0,https://lda.senate.gov/api/v1/filings/f493527c-e483-4768-8831-56f8a0262705/?format=json
aa95eab8-a9da-48db-848d-eef138da8e90,2025,"TSG ADVOCATES DC, LLC",VIRCAL FINANCE LIMITED,GT,GT,VG,,1,1,0,0,https://lda.senate.gov/api/v1/filings/aa95eab8-a9da-48db-848d-eef138da8e90/?format=json
9991a773-137c-4997-af3d-bae74cac1d0d,2025,CURRENTSTRATEGIC LLC,TECHNEST SOLUTIONS S.L.A. DBA FORTRIS ON BEHALF OF NEXUSONE CONSULTING,ES,ES,GB,,1,1,0,0,https://lda.senate.gov/api/v1/filings/9991a773-137c-4997-af3d-bae74cac1d0d/?format=json
4edd2122-0089-4fd7-917e-57e35aa91577,2024,PRIME POLICY GROUP,MAXEON SOLAR TECHNOLOGIES LTD.,SG,SG,CN,,1,1,0,0,https://lda.senate.gov/api/v1/filings/4edd2122-0089-4fd7-917e-57e35aa91577/?format=json
3bc5b7d8-9316-447f-a59a-069ad383bb77,2024,SEIDEN LAW LLP,SOLWAY INVESTMENT GROUP GMBH,CH,CH,GT,,1,1,0,0,https://lda.senate.gov/api/v1/filings/3bc5b7d8-9316-447f-a59a-069ad383bb77/?format=json
adb118de-e392-4b23-ad19-4780733cbd70,2024,"BALLARD PARTNERS, LLC",JINDAL SOUTH AMERICA METALS AND MINING (FKAVULCAN SOUTH AMERICA METALS & MINING),MU,MU,"MU,SG",,1,1,0,0,https://lda.senate.gov/api/v1/filings/adb118de-e392-4b23-ad19-4780733cbd70/?format=json
1fdeec9a-7251-4787-a455-abe39d2d9956,2025,SAUNDERS GLOBAL DIPLOMACY,SC EUROPEAN FOOD SA,RO,RO,RO,,1,1,0,0,https://lda.senate.gov/api/v1/filings/1fdeec9a-7251-4787-a455-abe39d2d9956/?format=json
6d351923-49fd-4662-b017-c3d9150a696f,2025,JUCUNDUS BUSINESS SERVICES LLC,"TETHER OPERATIONS, S.A. DE C.V.",SV,SV,"SV,VG",,1,1,0,0,https://lda.senate.gov/api/v1/filings/6d351923-49fd-4662-b017-c3d9150a696f/?format=json
18d7be5f-6e8f-45ea-88c1-19082302c49b,2025,PMI US CORPORATE SERVICES INC. (FKA PMI GLOBAL SERVICES INC.),PMI US CORPORATE SERVICES INC. (FKA PMI GLOBAL SERVICES INC.),US,US,CH,,0,0,1,0,https://lda.senate.gov/api/v1/filings/18d7be5f-6e8f-45ea-88c1-19082302c49b/?format=json
39a79e04-8f2f-4e59-8c88-fcc0857d269d,2025,THE VOGEL GROUP,REALTEK SEMICONDUCTOR CORP,TW,TW,TW,,1,1,0,0,https://lda.senate.gov/api/v1/filings/39a79e04-8f2f-4e59-8c88-fcc0857d269d/?format=json
44501aa8-2936-46e5-8883-06d418555e83,2025,TIGER HILL PARTNERS LLC,GRASS OPCO LTD.,VG,VG,KY,,1,1,0,0,https://lda.senate.gov/api/v1/filings/44501aa8-2936-46e5-8883-06d418555e83/?format=json
d1f93fe8-5aa9-4bac-9beb-6e9e57ada8f9,2026,THE VOGEL GROUP,TSODILO RESOURCES LIMITED,CA,CA,CA,,1,1,0,0,https://lda.senate.gov/api/v1/filings/d1f93fe8-5aa9-4bac-9beb-6e9e57ada8f9/?format=json
0c6bb966-2e43-4c0d-9939-89ec859d3187,2025,CAPITOL HILL COMMUNICATIONS,STARCORE NUCLEAR,CA,CA,GB,,1,1,0,0,https://lda.senate.gov/api/v1/filings/0c6bb966-2e43-4c0d-9939-89ec859d3187/?format=json
4a9becce-1dab-4de1-a0d9-2d5f042218e8,2026,HARO SOLUTIONS LLC,"LOUISIANA ENERGY SERVICES, LLC DBA URENCO USA",US,US,GB,,0,0,1,0,https://lda.senate.gov/api/v1/filings/4a9becce-1dab-4de1-a0d9-2d5f042218e8/?format=json
a7b3fdd9-32ee-437e-8d2c-d1852cd96de5,2025,THE BERNHARDT GROUP LLC,TRIGG MINERALS (USA) LLC,AU,AU,AU,,1,1,0,0,https://lda.senate.gov/api/v1/filings/a7b3fdd9-32ee-437e-8d2c-d1852cd96de5/?format=json
1ae2ea4b-ca92-4500-9fa9-38106c409707,2024,ARNOLD & PORTER KAYE SCHOLER LLP,POSCO HOLDINGS INC.,KR,KR,KR,,1,1,0,0,https://lda.senate.gov/api/v1/filings/1ae2ea4b-ca92-4500-9fa9-38106c409707/?format=json
6a844fff-6963-4118-a98a-a005ccc0e12a,2026,"BALLARD PARTNERS, LLC",SUPREME SITE SERVICES GMBH,CH,CH,"CH,NL",,1,1,0,0,https://lda.senate.gov/api/v1/filings/6a844fff-6963-4118-a98a-a005ccc0e12a/?format=json
611603a0-6bbf-4779-a122-a8391ae02549,2026,"BALLARD PARTNERS, LLC",LEONARDO S.P.A.,IT,IT,IT,,1,1,0,0,https://lda.senate.gov/api/v1/filings/611603a0-6bbf-4779-a122-a8391ae02549/?format=json
e4022b10-0209-4c58-90c3-6ad2a40608e5,2026,PMI US CORPORATE SERVICES INC. (FKA PMI GLOBAL SERVICES INC.),PMI US CORPORATE SERVICES INC. (FKA PMI GLOBAL SERVICES INC.),US,US,CH,,0,0,1,0,https://lda.senate.gov/api/v1/filings/e4022b10-0209-4c58-90c3-6ad2a40608e5/?format=json
ff600795-95d0-4936-862f-b49e2705ac39,2025,"RK STRATEGIES, INC.","CLEARMIND MEDICINE, INC",CA,CA,IL,,1,1,0,0,https://lda.senate.gov/api/v1/filings/ff600795-95d0-4936-862f-b49e2705ac39/?format=json
735b96a1-4960-4421-85aa-eff85bb619c1,2024,MISSION STRATEGIES LLC (ENERGY),SYRAH RESOURCES LIMITED,AU,AU,AU,,1,1,0,0,https://lda.senate.gov/api/v1/filings/735b96a1-4960-4421-85aa-eff85bb619c1/?format=json
f53ed48e-658e-45ec-82df-7c1733278619,2025,CHECKMATE GOVERNMENT RELATIONS,BITDEER,SG,SG,"SG,VG",,1,1,0,0,https://lda.senate.gov/api/v1/filings/f53ed48e-658e-45ec-82df-7c1733278619/?format=json
02eb8d06-f722-4710-bf0c-da6486eaaa25,2025,HARTWELL CAPITOL CONSULTING,THE VOLKOV LAW GROUP P.C.,US,US,KG,,0,0,1,0,https://lda.senate.gov/api/v1/filings/02eb8d06-f722-4710-bf0c-da6486eaaa25/?format=json
636f7862-33f3-465a-9208-30016600b136,2025,"GALILEO CONSULTING GROUP, INC.","SONOSITE, A SUBSIDIARY OF FUJIFILM (FORMERLY SONOSITE, INC.)",,,JP,,1,1,0,0,https://lda.senate.gov/api/v1/filings/636f7862-33f3-465a-9208-30016600b136/?format=json
0712b2bf-9d49-4431-99ac-4893efc5a0b0,2025,"THE MCKEON GROUP, INC.",UMO & NATIONAL ASSOCIATION OF UKRAINIAN DEFENSE INDUSTRIES (NAUDI),PL,PL,PL,,1,1,0,0,https://lda.senate.gov/api/v1/filings/0712b2bf-9d49-4431-99ac-4893efc5a0b0/?format=json
041666d7-3b95-4d6f-93c2-000381defbf4,2026,ARK STRATEGY,FIVECAST PTY LTD,AU,AU,AU,,1,1,0,0,https://lda.senate.gov/api/v1/filings/041666d7-3b95-4d6f-93c2-000381defbf4/?format=json
44f22e66-3765-4c52-b7f5-b2ea676904d7,2025,BOUNDARY STONE PARTNERS,SPARE LABS INC,CA,CA,CA,,1,1,0,0,https://lda.senate.gov/api/v1/filings/44f22e66-3765-4c52-b7f5-b2ea676904d7/?format=json
b9e954d2-1df0-4a56-a020-531f47dc6b77,2025,NEXUSONE CONSULTING,TECHNEST SOLUTIONS S.L.A. DBA FORTRIS,ES,ES,GB,,1,1,0,0,https://lda.senate.gov/api/v1/filings/b9e954d2-1df0-4a56-a020-531f47dc6b77/?format=json
e83eb787-f655-4add-ae25-82b5ab3d6315,2025,BASS PUBLIC AFFAIRS,MANTRA VENTURES LIMITED,VG,VG,VG,,1,1,0,0,https://lda.senate.gov/api/v1/filings/e83eb787-f655-4add-ae25-82b5ab3d6315/?format=json
f9bf95e4-bd62-4b85-855d-608f425afcbc,2024,CROWELL & MORING LLP,TELDOR CABLES & SYSTEMS LTD.,IL,IL,IL,,1,1,0,0,https://lda.senate.gov/api/v1/filings/f9bf95e4-bd62-4b85-855d-608f425afcbc/?format=json
f7d82844-2167-4de1-9a7e-3ce2c75a8a56,2025,SQUIRE PATTON BOGGS,HD HYUNDAI ELECTRIC CO. LTD.,KR,KR,KR,,1,1,0,0,https://lda.senate.gov/api/v1/filings/f7d82844-2167-4de1-9a7e-3ce2c75a8a56/?format=json
df0f8818-d3fe-446a-b357-7d5e87af7a7d,2025,BALLARD PARTNERS,JINDAL SOUTH AMERICA METALS AND MINING (FKAVULCAN SOUTH AMERICA METALS & MINING),MU,MU,"MU,SG",,1,1,0,0,https://lda.senate.gov/api/v1/filings/df0f8818-d3fe-446a-b357-7d5e87af7a7d/?format=json
71dfc6cc-008a-4c0b-9f7f-17c3326d9c51,2025,APCO WORLDWIDE LLC,CANADA GOOSE INC.,CA,CA,CA,,1,1,0,0,https://lda.senate.gov/api/v1/filings/71dfc6cc-008a-4c0b-9f7f-17c3326d9c51/?format=json
1eef9746-9259-4e34-8cbc-1b0a90851830,2025,NESTPOINT ASSOCIATES LLC,"FUJIAN NANAN XIN SANFA STONE INDUSTRY CO., LTD",CN,CN,CN,,1,1,0,0,https://lda.senate.gov/api/v1/filings/1eef9746-9259-4e34-8cbc-1b0a90851830/?format=json
424c28ab-2e91-4bde-9fa8-ec8ebc4872af,2025,MR. TOBIAS PETER NOSKWITH,MR. TOBIAS PETER NOSKWITH,GB,GB,GB,,1,1,0,0,https://lda.senate.gov/api/v1/filings/424c28ab-2e91-4bde-9fa8-ec8ebc4872af/?format=json
551b93d8-77bf-4d3a-9d75-3c449aaa6c37,2025,VIVID STRATEGIES LLC,DIGITALEUROPE,BE,BE,BE,,1,1,0,0,https://lda.senate.gov/api/v1/filings/551b93d8-77bf-4d3a-9d75-3c449aaa6c37/?format=json
e10b0d05-d7c1-47bc-a124-b81adbef0eea,2025,"CONTINENTAL STRATEGY, LLC",VEON LTD.,AE,AE,LU,,1,1,0,0,https://lda.senate.gov/api/v1/filings/e10b0d05-d7c1-47bc-a124-b81adbef0eea/?format=json
4dc4eb02-caa5-4317-a1c5-c1164e2f213f,2024,"SMBC AMERICAS HOLDINGS, INC.","SMBC AMERICAS HOLDINGS, INC.",US,US,JP,,0,0,1,0,https://lda.senate.gov/api/v1/filings/4dc4eb02-caa5-4317-a1c5-c1164e2f213f/?format=json
169e8a2a-2fd4-4705-b378-4ccaceea7a2c,2024,"BROWNSTEIN HYATT FARBER SCHRECK, LLP",ANGLO AMERICAN SERVICES (UK) LIMITED,GB,US,GB,,1,0,0,0,https://lda.senate.gov/api/v1/filings/169e8a2a-2fd4-4705-b378-4ccaceea7a2c/?format=json
8e3117c3-4a37-46a6-b181-4a22bf92b5d7,2025,"QUINN EMANUEL URQUHART & SULLIVAN, LLP",ADANI GREEN ENERGY LIMITED,IN,IN,IN,,1,1,0,0,https://lda.senate.gov/api/v1/filings/8e3117c3-4a37-46a6-b181-4a22bf92b5d7/?format=json
bd30daf8-16f4-4371-ad3e-106fbdac42ed,2025,YAZAKI NORTH AMERICA,YAZAKI NORTH AMERICA,JP,US,JP,,1,0,0,0,https://lda.senate.gov/api/v1/filings/bd30daf8-16f4-4371-ad3e-106fbdac42ed/?format=json
e253bcd0-612c-45eb-b18f-90b1e79d4eda,2024,PUTALASTRATEGIES,INTERNATIONAL ADVISORY GROUP (ON BEHALF OF CANALI GENERAL TRADING),AE,AE,SG,,1,1,0,0,https://lda.senate.gov/api/v1/filings/e253bcd0-612c-45eb-b18f-90b1e79d4eda/?format=json
a93e5baf-3131-4015-bcde-b84c3602ca07,2025,FCA US LLC,FCA US LLC,US,US,"GB,NL",,0,0,1,0,https://lda.senate.gov/api/v1/filings/a93e5baf-3131-4015-bcde-b84c3602ca07/?format=json
492acdb2-7101-4a21-b7a4-f980c78b4f73,2025,BRYAN CAVE LEIGHTON PAISNER LLP,ARCELORMITTAL LIBERIA LTD,LR,LR,LU,,1,1,0,0,https://lda.senate.gov/api/v1/filings/492acdb2-7101-4a21-b7a4-f980c78b4f73/?format=json
6d5640d5-2508-4763-ba47-e7671af466e3,2025,ARENTFOX SCHIFF LLP,GULFSANDS PETROLEUM PLC,GB,GB,"GB,JE,SC",,1,1,1,0,https://lda.senate.gov/api/v1/filings/6d5640d5-2508-4763-ba47-e7671af466e3/?format=json
0dc18e77-2bf1-4256-bc16-9210f67200e6,2024,KELLEY DRYE & WARREN LLP,TRON BLOCKCHAIN AND DAO (AS SUPPORTED BY TRON TECH LIMITED AND RAINCO PTE LTD.),VG,VG,"SG,VG",,1,1,0,0,https://lda.senate.gov/api/v1/filings/0dc18e77-2bf1-4256-bc16-9210f67200e6/?format=json
031b3106-d45b-43c8-9238-e2b544b5cd14,2024,CROWELL & MORING LLP,LIEBHERR-MCCTEC GMBH,AT,AT,CH,,1,1,0,0,https://lda.senate.gov/api/v1/filings/031b3106-d45b-43c8-9238-e2b544b5cd14/?format=json
c4b06bd9-4db2-4c58-8943-926315e0c4b2,2025,NESTPOINT ASSOCIATES LLC,HUIONE PAY PLC,KH,KH,KH,,1,1,0,0,https://lda.senate.gov/api/v1/filings/c4b06bd9-4db2-4c58-8943-926315e0c4b2/?format=json
4b85d57d-6e3a-4030-bd10-4b8adfb2e512,2025,VENN STRATEGIES,GUARDIAN METAL RESOURCES,GB,GB,GB,,1,1,0,0,https://lda.senate.gov/api/v1/filings/4b85d57d-6e3a-4030-bd10-4b8adfb2e512/?format=json
7bca0d21-36bf-4eeb-9fa4-92eb5073a03a,2024,SQUIRE PATTON BOGGS,POLYGON LABS SERVICES (SWITZERLAND) AG,CH,CH,KY,,1,1,0,0,https://lda.senate.gov/api/v1/filings/7bca0d21-36bf-4eeb-9fa4-92eb5073a03a/?format=json
a87981df-e6f2-4385-bd80-598bb9f84e7c,2025,CAPITOL COUNSEL LLC,BONDY & ASSOCIATES INC. ON BEHALF OF NUVATION ENGINEERING,CA,CA,CA,,1,1,0,0,https://lda.senate.gov/api/v1/filings/a87981df-e6f2-4385-bd80-598bb9f84e7c/?format=json
a21fc65a-36c0-4670-86da-ae196e96318a,2025,"CARPI & CLAY, INC",TKH AIRPORT SOLUTIONS,NL,NL,NL,,1,1,0,0,https://lda.senate.gov/api/v1/filings/a21fc65a-36c0-4670-86da-ae196e96318a/?format=json
f4f221bc-5932-4c54-9584-fbcfcd85c018,2024,"BROWNSTEIN HYATT FARBER SCHRECK, LLP",ANGLOAMERICAN WOODSMITH LIMITED,GB,US,GB,,1,0,0,0,https://lda.senate.gov/api/v1/filings/f4f221bc-5932-4c54-9584-fbcfcd85c018/?format=json
a04480af-7bbc-412c-b12e-ab58662067fb,2025,KIRKLAND & ELLIS LLP,ADANI GREEN ENERGY LIMITED,IN,IN,IN,,1,1,0,0,https://lda.senate.gov/api/v1/filings/a04480af-7bbc-412c-b12e-ab58662067fb/?format=json
a32cf54e-69d5-4d71-ba45-54be6d6f2fd5,2025,"K&L GATES, LLP",HIGHLAND COPPER COMPANY INC.,CA,CA,KY,,1,1,0,0,https://lda.senate.gov/api/v1/filings/a32cf54e-69d5-4d71-ba45-54be6d6f2fd5/?format=json
02cf745c-5708-4cad-a6a6-d311db1e7397,2024,"RYBERG AND SMITH, L.L.C.",MAURITIUS EXPORT ASSOCIATION,MU,MU,MU,,1,1,0,0,https://lda.senate.gov/api/v1/filings/02cf745c-5708-4cad-a6a6-d311db1e7397/?format=json
9cdef634-bd8c-443f-a578-280d382a02a6,2026,MR. DAVID FRIEDMAN,"OSY TECHNOLOGIES S.A.R.L. AND ITS SUBSIDIARY WESTBRIDGE TECHNOLOGY, INC.",LU,LU,IL,,1,1,0,0,https://lda.senate.gov/api/v1/filings/9cdef634-bd8c-443f-a578-280d382a02a6/?format=json
12330fab-4f19-4218-9436-4505078898c1,2025,THE VOGEL GROUP,"LI NING (CHINA) SPORTS GOODS CO., LTD.",CN,CN,CN,,1,1,1,0,https://lda.senate.gov/api/v1/filings/12330fab-4f19-4218-9436-4505078898c1/?format=json
