lobbying_firm,lobbied_client,lobbyist,former_role,current_committee_members,attack_press_releases,committee_members_attacking,income
"BROWNSTEIN HYATT FARBER SCHRECK, LLP",APOLLO GLOBAL MANAGEMENT,RUSSELL SULLIVAN,"Staff Director, Senate Finance Committee; Chief Counsel, Senate Finance Committee; Leg. Director, Sen. Bob Graham",53,11,2,1260000.0
"BROWNSTEIN HYATT FARBER SCHRECK, LLP",APOLLO GLOBAL MANAGEMENT,RUSSELL SULLIVAN,"Staff Director, Senate Finance Committee; Chief Counsel, Senate FinanceCommittee; Leg. Director, Sen. Bob Graham",53,11,2,1260000.0
"BROWNSTEIN HYATT FARBER SCHRECK, LLP",APOLLO GLOBAL MANAGEMENT,RUSSELL SULLIVAN,"Staff Director, Senate Finance Committee; Chief Counsel, Senate FinanceCommittee; Leg. Director, Sen. Bob Graham",53,11,2,1260000.0
"BROWNSTEIN HYATT FARBER SCHRECK, LLP",APOLLO GLOBAL MANAGEMENT,RUSSELL SULLIVAN,"Staff Director, Senate Finance Committee; Chief Counsel, Senate Finance Committee; Leg. Director, Sen. Bob Graham",53,11,2,1260000.0
"BROWNSTEIN HYATT FARBER SCHRECK, LLP",APOLLO GLOBAL MANAGEMENT,MARK WARREN,"ChfTaxCounsel, Sen Fin Comm; SrTaxCounsel, Sen Thune; TaxCounsel, Hs W&M Comm; DepAsstSec, Dept of Treas, Leg Affairs; ChfCounsel, Sen Repub Policy Comm; StaffDir and ChfCounsel, Sen Small Bus Comm; TaxAndFinanceCounsel, Sen Small Bus Comm",53,11,2,1260000.0
"BROWNSTEIN HYATT FARBER SCHRECK, LLP",APOLLO GLOBAL MANAGEMENT,RUSSELL SULLIVAN,"Staff Director, Senate Finance Committee",53,11,2,1260000.0
"BROWNSTEIN HYATT FARBER SCHRECK, LLP",APOLLO GLOBAL MANAGEMENT,MARK WARREN,"Chf TaxCounsel, Sen Fin Comm; Sr Tax Counsel, Sen Thune; Tax Counsel, Hs W&M Comm; Dep Asst Sec, Dept of Treas, Leg Affairs; Chf Counsel,Sen Repub Policy Comm; Staff Dir and Chf Counsel, Sen Small Bus Comm; Tax And Finance Counsel, Sen Small Bus Comm",53,11,2,1260000.0
"BROWNSTEIN HYATT FARBER SCHRECK, LLP",APOLLO GLOBAL MANAGEMENT,MARK WARREN,"Chf Tax Counsel, Sen Fin Comm; Sr Tax Counsel, Sen Thune; Tax Counsel, Hs W&M Comm; Dep Asst Sec, Dept of Treas, Leg Affairs; Chf Counsel, Sen Repub Policy Comm; Staff Dir and Chf Counsel, Sen Small Bus Comm; Tax & Finance Counsel, Sen Small Bus Comm",53,11,2,1260000.0
"BROWNSTEIN HYATT FARBER SCHRECK, LLP",APOLLO GLOBAL MANAGEMENT,MARK WARREN,"Chf Tax Counsel, Sen Fin Comm; Sr Tax Counsel, Sen Thune; Tax Counsel, Hs W&M Comm; Dep Asst Sec, Dept of Treas, Leg Affairs; Chf Counsel, Sen Repub Policy Comm; Staff Dir and Chf Counsel, Sen Small Bus Comm; Tax & Finance Counsel, Sen Small Bus Comm",53,11,2,1260000.0
"BROWNSTEIN HYATT FARBER SCHRECK, LLP",APOLLO GLOBAL MANAGEMENT,MARK WARREN,"Chf Tax Counsel, Sen Fin Comm; Sr Tax Counsel, Sen Thune; Tax Counsel, Hs W&M Comm; Dep Asst Sec, Dept of Treas, Leg Affairs; Chf Counsel, Sen Repub Policy Comm; Staff Dir and Chf Counsel, Sen Small Bus Comm; TaxAndFinance Counsel, Sen Small Bus Comm",53,11,2,1260000.0
"BROWNSTEIN HYATT FARBER SCHRECK, LLP",APOLLO GLOBAL MANAGEMENT,RUSSELL SULLIVAN,"Staff Director, Senate Finance Committee",53,11,2,1260000.0
"BROWNSTEIN HYATT FARBER SCHRECK, LLP",APOLLO GLOBAL MANAGEMENT,MARK WARREN,"Chf TaxCounsel, Sen Fin Comm; Sr Tax Counsel, Sen Thune; TaxCounsel, Hs W&M Comm; Dep Asst Sec, Dept of Treas, Leg Affairs; Chf Counsel, Sen Repub Policy Comm; Staff Dir and Chf Counsel, Sen Small Bus Comm; Tax And Finance Counsel, Sen Small Bus Comm",53,11,2,1260000.0
"BROWNSTEIN HYATT FARBER SCHRECK, LLP",APOLLO GLOBAL MANAGEMENT,MARK WARREN,"Chf Tax Counsel, Sen Fin Comm; Sr Tax Counsel, Sen Thune; Tax Counsel, Hs W&M Comm; Dep Asst Sec, Dept of Treas, Leg Affairs; Chf Counsel, Sen Repub Policy Comm; Staff Dir and Chf Counsel, Sen Small Bus Comm; Tax & Finance Counsel, Sen Small Bus Comm",53,11,2,1260000.0
"BROWNSTEIN HYATT FARBER SCHRECK, LLP",APOLLO GLOBAL MANAGEMENT,MARK WARREN,"Chf TaxCounsel, Sen Fin Comm; Sr Tax Counsel, Sen Thune; TaxCounsel, Hs W&M Comm; Dep Asst Sec, Dept of Treas, Leg Affairs; Chf Counsel, Sen Repub Policy Comm; Staff Dir and Chf Counsel, Sen Small Bus Comm; Tax And Finance Counsel, Sen Small Bus Comm",53,11,2,1260000.0
"BROWNSTEIN HYATT FARBER SCHRECK, LLP",APOLLO GLOBAL MANAGEMENT,MARK WARREN,"Chf TaxCounsel, Sen Fin Comm; Sr Tax Counsel, Sen Thune; TaxCounsel, Hs W&M Comm; Dep Asst Sec, Dept of Treas, Leg Affairs; Chf Counsel, Sen Repub Policy Comm; Staff Dir and Chf Counsel, Sen Small Bus Comm; Tax And Finance Counsel, Sen Small Bus Comm",53,11,2,1260000.0
"BROWNSTEIN HYATT FARBER SCHRECK, LLP",APOLLO GLOBAL MANAGEMENT,MARK WARREN,"ChfTaxCounsel, Sen Fin Comm; SrTaxCounsel, Sen Thune; TaxCounsel, Hs W&M Comm; DepAsstSec, Dept of Treas, Leg Affairs; ChfCounsel, Sen Repub Policy Comm; StaffDir and ChfCounsel, Sen Small Bus Comm; TaxAndFinanceCounsel, Sen Small Bus Comm",53,11,2,1260000.0
"BROWNSTEIN HYATT FARBER SCHRECK, LLP",APOLLO GLOBAL MANAGEMENT,MARK WARREN,"Chf Tax Counsel, Sen Fin Comm; Sr Tax Counsel, Sen Thune; Tax Counsel, Hs W&M Comm; Dep Asst Sec, Dept of Treas, Leg Affairs; Chf Counsel,Sen Repub Policy Comm; Staff Dir and Chf Counsel, Sen Small Bus Comm; Tax And FinanceCounsel, Sen Small Bus Comm",53,11,2,1260000.0
"BROWNSTEIN HYATT FARBER SCHRECK, LLP",APOLLO GLOBAL MANAGEMENT,RUSSELL SULLIVAN,"Staff Director, Senate Finance Committee; Chief Counsel, Senate Finance Committee; Leg. Director, Sen. Bob Graham",53,11,2,1260000.0
"BROWNSTEIN HYATT FARBER SCHRECK, LLP",APOLLO GLOBAL MANAGEMENT,MARK WARREN,"Chf Tax Counsel, Sen Fin Comm; Sr Tax Counsel, Sen Thune; Tax Counsel, Hs W&M Comm; Dep Asst Sec, Dept of Treas, Leg Affairs; Chf Counsel, Sen Repub Policy Comm; Staff Dir and Chf Counsel, Sen Small Bus Comm; TaxAndFinance Counsel, Sen Small Bus Comm",53,11,2,1260000.0
"BROWNSTEIN HYATT FARBER SCHRECK, LLP",APOLLO GLOBAL MANAGEMENT,RUSSELL SULLIVAN,"Staff Director, Senate Finance Committee",53,11,2,1260000.0
"BROWNSTEIN HYATT FARBER SCHRECK, LLP",APOLLO GLOBAL MANAGEMENT,MARK WARREN,"Chf TaxCounsel, Sen Fin Comm; Sr Tax Counsel, Sen Thune; Tax Counsel, Hs W&M Comm; Dep Asst Sec, Dept of Treas, Leg Affairs; Chf Counsel,Sen Repub Policy Comm; Staff Dir and Chf Counsel, Sen Small Bus Comm; Tax And Finance Counsel, Sen Small Bus Comm",53,11,2,1260000.0
"BROWNSTEIN HYATT FARBER SCHRECK, LLP",APOLLO GLOBAL MANAGEMENT,RUSSELL SULLIVAN,"Staff Director, Senate Finance Committee; Chief Counsel, Senate FinanceCommittee; Leg. Director, Sen. Bob Graham",53,11,2,1260000.0
"BROWNSTEIN HYATT FARBER SCHRECK, LLP",APOLLO GLOBAL MANAGEMENT,MARK WARREN,"Chf TaxCounsel, Sen Fin Comm; Sr Tax Counsel, Sen Thune; Tax Counsel, Hs W&M Comm; Dep Asst Sec, Dept of Treas, Leg Affairs; Chf Counsel,Sen Repub Policy Comm; Staff Dir and Chf Counsel, Sen Small Bus Comm; Tax And Finance Counsel, Sen Small Bus Comm",53,11,2,1260000.0
"BROWNSTEIN HYATT FARBER SCHRECK, LLP",APOLLO GLOBAL MANAGEMENT,MARK WARREN,"Chf Tax Counsel, Sen Fin Comm; Sr Tax Counsel, Sen Thune; Tax Counsel, Hs W&M Comm; Dep Asst Sec, Dept of Treas, Leg Affairs; Chf Counsel,Sen Repub Policy Comm; Staff Dir and Chf Counsel, Sen Small Bus Comm; Tax And FinanceCounsel, Sen Small Bus Comm",53,11,2,1260000.0
"BROWNSTEIN HYATT FARBER SCHRECK, LLP",APOLLO GLOBAL MANAGEMENT,MARK WARREN,"ChfTaxCounsel, Sen Fin Comm; SrTaxCounsel, Sen Thune; TaxCounsel, Hs W&M Comm; DepAsstSec, Dept of Treas, Leg Affairs; ChfCounsel, Sen Repub Policy Comm; StaffDir and ChfCounsel, Sen Small Bus Comm; TaxAndFinanceCounsel, Sen Small Bus Comm",53,11,2,1260000.0
"BROWNSTEIN HYATT FARBER SCHRECK, LLP",APOLLO GLOBAL MANAGEMENT,MARK WARREN,"Chf Tax Counsel, Sen Fin Comm; Sr Tax Counsel, Sen Thune; Tax Counsel, Hs W&M Comm; Dep Asst Sec, Dept of Treas, Leg Affairs; Chf Counsel,Sen Repub Policy Comm; Staff Dir and Chf Counsel, Sen Small Bus Comm; Tax And FinanceCounsel, Sen Small Bus Comm",53,11,2,1260000.0
"BROWNSTEIN HYATT FARBER SCHRECK, LLP",APOLLO GLOBAL MANAGEMENT,MARK WARREN,"Chf Tax Counsel, Sen Fin Comm; Sr Tax Counsel, Sen Thune; Tax Counsel, Hs W&M Comm; Dep Asst Sec, Dept of Treas, Leg Affairs; Chf Counsel, Sen Repub Policy Comm; Staff Dir and Chf Counsel, Sen Small Bus Comm; TaxAndFinance Counsel, Sen Small Bus Comm",53,11,2,1260000.0
"BROWNSTEIN HYATT FARBER SCHRECK, LLP",APOLLO GLOBAL MANAGEMENT,MARK WARREN,"Chf Tax Counsel, Sen Fin Comm; Sr Tax Counsel, Sen Thune; Tax Counsel, Hs W&M Comm; Dep Asst Sec, Dept of Treas, Leg Affairs; Chf Counsel, Sen Repub Policy Comm; Staff Dir and Chf Counsel, Sen Small Bus Comm; TaxAndFinance Counsel, Sen Small Bus Comm",53,11,2,260000.0
"BROWNSTEIN HYATT FARBER SCHRECK, LLP",APOLLO GLOBAL MANAGEMENT,MARK WARREN,"Chf TaxCounsel, Sen Fin Comm; Sr Tax Counsel, Sen Thune; TaxCounsel, Hs W&M Comm; Dep Asst Sec, Dept of Treas, Leg Affairs; Chf Counsel, Sen Repub Policy Comm; Staff Dir and Chf Counsel, Sen Small Bus Comm; Tax And Finance Counsel, Sen Small Bus Comm",53,11,2,260000.0
"BROWNSTEIN HYATT FARBER SCHRECK, LLP",APOLLO GLOBAL MANAGEMENT,RUSSELL SULLIVAN,"Staff Director, Senate Finance Committee",53,11,2,260000.0
"BROWNSTEIN HYATT FARBER SCHRECK, LLP",APOLLO GLOBAL MANAGEMENT,MARK WARREN,"Chf TaxCounsel, Sen Fin Comm; Sr Tax Counsel, Sen Thune; TaxCounsel, Hs W&M Comm; Dep Asst Sec, Dept of Treas, Leg Affairs; Chf Counsel, Sen Repub Policy Comm; Staff Dir and Chf Counsel, Sen Small Bus Comm; Tax And Finance Counsel, Sen Small Bus Comm",53,11,2,260000.0
"BROWNSTEIN HYATT FARBER SCHRECK, LLP",APOLLO GLOBAL MANAGEMENT,MARK WARREN,"Chf Tax Counsel, Sen Fin Comm; Sr Tax Counsel, Sen Thune; Tax Counsel, Hs W&M Comm; Dep Asst Sec, Dept of Treas, Leg Affairs; Chf Counsel, Sen Repub Policy Comm; Staff Dir and Chf Counsel, Sen Small Bus Comm; TaxAndFinance Counsel, Sen Small Bus Comm",53,11,2,260000.0
"BROWNSTEIN HYATT FARBER SCHRECK, LLP",APOLLO GLOBAL MANAGEMENT,MARK WARREN,"Chf Tax Counsel, Sen Fin Comm; Sr Tax Counsel, Sen Thune; Tax Counsel, Hs W&M Comm; Dep Asst Sec, Dept of Treas, Leg Affairs; Chf Counsel, Sen Repub Policy Comm; Staff Dir and Chf Counsel, Sen Small Bus Comm; Tax & Finance Counsel, Sen Small Bus Comm",53,11,2,260000.0
"BROWNSTEIN HYATT FARBER SCHRECK, LLP",APOLLO GLOBAL MANAGEMENT,MARK WARREN,"Chf Tax Counsel, Sen Fin Comm; Sr Tax Counsel, Sen Thune; Tax Counsel, Hs W&M Comm; Dep Asst Sec, Dept of Treas, Leg Affairs; Chf Counsel, Sen Repub Policy Comm; Staff Dir and Chf Counsel, Sen Small Bus Comm; TaxAndFinance Counsel, Sen Small Bus Comm",53,11,2,260000.0
"BROWNSTEIN HYATT FARBER SCHRECK, LLP",APOLLO GLOBAL MANAGEMENT,MARK WARREN,"ChfTaxCounsel, Sen Fin Comm; SrTaxCounsel, Sen Thune; TaxCounsel, Hs W&M Comm; DepAsstSec, Dept of Treas, Leg Affairs; ChfCounsel, Sen Repub Policy Comm; StaffDir and ChfCounsel, Sen Small Bus Comm; TaxAndFinanceCounsel, Sen Small Bus Comm",53,11,2,260000.0
"BROWNSTEIN HYATT FARBER SCHRECK, LLP",APOLLO GLOBAL MANAGEMENT,MARK WARREN,"ChfTaxCounsel, Sen Fin Comm; SrTaxCounsel, Sen Thune; TaxCounsel, Hs W&M Comm; DepAsstSec, Dept of Treas, Leg Affairs; ChfCounsel, Sen Repub Policy Comm; StaffDir and ChfCounsel, Sen Small Bus Comm; TaxAndFinanceCounsel, Sen Small Bus Comm",53,11,2,260000.0
"BROWNSTEIN HYATT FARBER SCHRECK, LLP",APOLLO GLOBAL MANAGEMENT,RUSSELL SULLIVAN,"Staff Director, Senate Finance Committee; Chief Counsel, Senate Finance Committee; Leg. Director, Sen. Bob Graham",53,11,2,260000.0
"BROWNSTEIN HYATT FARBER SCHRECK, LLP",APOLLO GLOBAL MANAGEMENT,RUSSELL SULLIVAN,"Staff Director, Senate Finance Committee; Chief Counsel, Senate Finance Committee; Leg. Director, Sen. Bob Graham",53,11,2,260000.0
"BROWNSTEIN HYATT FARBER SCHRECK, LLP",APOLLO GLOBAL MANAGEMENT,MARK WARREN,"Chf Tax Counsel, Sen Fin Comm; Sr Tax Counsel, Sen Thune; Tax Counsel, Hs W&M Comm; Dep Asst Sec, Dept of Treas, Leg Affairs; Chf Counsel, Sen Repub Policy Comm; Staff Dir and Chf Counsel, Sen Small Bus Comm; TaxAndFinance Counsel, Sen Small Bus Comm",53,11,2,260000.0
"BROWNSTEIN HYATT FARBER SCHRECK, LLP",APOLLO GLOBAL MANAGEMENT,MATT GRINNEY,"Sr. Policy and Comms Advisor, Federal Housing Finance Agency; Dep. Director of Speechwriting, VP of the United States; Speechwriter, U.S. Dept. of Health and Human Services; Comms Advisor, Sen. Mike Lee; Staff Assistant, Rep. James Clyburn; Intern",53,11,2,260000.0
"BROWNSTEIN HYATT FARBER SCHRECK, LLP",APOLLO GLOBAL MANAGEMENT,MATT GRINNEY,"Sr. Policy and Comms Advisor, Federal Housing Finance Agency; Dep. Director of Speechwriting, VP of the United States; Speechwriter, U.S. Dept. of Health and Human Services; Comms Advisor, Sen. Mike Lee; Staff Assistant, Rep. James Clyburn; Intern",53,11,2,260000.0
"BROWNSTEIN HYATT FARBER SCHRECK, LLP",APOLLO GLOBAL MANAGEMENT,MARK WARREN,"Chf Tax Counsel, Sen Fin Comm; Sr Tax Counsel, Sen Thune; Tax Counsel, Hs W&M Comm; Dep Asst Sec, Dept of Treas, Leg Affairs; Chf Counsel, Sen Repub Policy Comm; Staff Dir and Chf Counsel, Sen Small Bus Comm; Tax & Finance Counsel, Sen Small Bus Comm",53,11,2,260000.0
"BROWNSTEIN HYATT FARBER SCHRECK, LLP",APOLLO GLOBAL MANAGEMENT,RUSSELL SULLIVAN,"Staff Director, Senate Finance Committee; Chief Counsel, Senate FinanceCommittee; Leg. Director, Sen. Bob Graham",53,11,2,260000.0
"BROWNSTEIN HYATT FARBER SCHRECK, LLP",APOLLO GLOBAL MANAGEMENT,RUSSELL SULLIVAN,"Staff Director, Senate Finance Committee",53,11,2,260000.0
"BROWNSTEIN HYATT FARBER SCHRECK, LLP",APOLLO GLOBAL MANAGEMENT,MARK WARREN,"ChfTaxCounsel, Sen Fin Comm; SrTaxCounsel, Sen Thune; TaxCounsel, Hs W&M Comm; DepAsstSec, Dept of Treas, Leg Affairs; ChfCounsel, Sen Repub Policy Comm; StaffDir and ChfCounsel, Sen Small Bus Comm; TaxAndFinanceCounsel, Sen Small Bus Comm",53,11,2,260000.0
"BROWNSTEIN HYATT FARBER SCHRECK, LLP",APOLLO GLOBAL MANAGEMENT,MARK WARREN,"Chf Tax Counsel, Sen Fin Comm; Sr Tax Counsel, Sen Thune; Tax Counsel, Hs W&M Comm; Dep Asst Sec, Dept of Treas, Leg Affairs; Chf Counsel,Sen Repub Policy Comm; Staff Dir and Chf Counsel, Sen Small Bus Comm; Tax And FinanceCounsel, Sen Small Bus Comm",53,11,2,260000.0
"BROWNSTEIN HYATT FARBER SCHRECK, LLP",APOLLO GLOBAL MANAGEMENT,RUSSELL SULLIVAN,"Staff Director, Senate Finance Committee; Chief Counsel, Senate FinanceCommittee; Leg. Director, Sen. Bob Graham",53,11,2,260000.0
"BROWNSTEIN HYATT FARBER SCHRECK, LLP",APOLLO GLOBAL MANAGEMENT,MARK WARREN,"Chf Tax Counsel, Sen Fin Comm; Sr Tax Counsel, Sen Thune; Tax Counsel, Hs W&M Comm; Dep Asst Sec, Dept of Treas, Leg Affairs; Chf Counsel, Sen Repub Policy Comm; Staff Dir and Chf Counsel, Sen Small Bus Comm; Tax & Finance Counsel, Sen Small Bus Comm",53,11,2,260000.0
"BROWNSTEIN HYATT FARBER SCHRECK, LLP",APOLLO GLOBAL MANAGEMENT,RUSSELL SULLIVAN,"Staff Director, Senate Finance Committee; Chief Counsel, Senate FinanceCommittee; Leg. Director, Sen. Bob Graham",53,11,2,260000.0
"BROWNSTEIN HYATT FARBER SCHRECK, LLP",APOLLO GLOBAL MANAGEMENT,MARK WARREN,"Chf Tax Counsel, Sen Fin Comm; Sr Tax Counsel, Sen Thune; Tax Counsel, Hs W&M Comm; Dep Asst Sec, Dept of Treas, Leg Affairs; Chf Counsel, Sen Repub Policy Comm; Staff Dir and Chf Counsel, Sen Small Bus Comm; Tax & Finance Counsel, Sen Small Bus Comm",53,11,2,260000.0
"BROWNSTEIN HYATT FARBER SCHRECK, LLP",APOLLO GLOBAL MANAGEMENT,MARK WARREN,"Chf TaxCounsel, Sen Fin Comm; Sr Tax Counsel, Sen Thune; TaxCounsel, Hs W&M Comm; Dep Asst Sec, Dept of Treas, Leg Affairs; Chf Counsel, Sen Repub Policy Comm; Staff Dir and Chf Counsel, Sen Small Bus Comm; Tax And Finance Counsel, Sen Small Bus Comm",53,11,2,260000.0
"BROWNSTEIN HYATT FARBER SCHRECK, LLP",APOLLO GLOBAL MANAGEMENT,MARK WARREN,"Chf Tax Counsel, Sen Fin Comm; Sr Tax Counsel, Sen Thune; Tax Counsel, Hs W&M Comm; Dep Asst Sec, Dept of Treas, Leg Affairs; Chf Counsel,Sen Repub Policy Comm; Staff Dir and Chf Counsel, Sen Small Bus Comm; Tax And FinanceCounsel, Sen Small Bus Comm",53,11,2,260000.0
"BROWNSTEIN HYATT FARBER SCHRECK, LLP",APOLLO GLOBAL MANAGEMENT,MARK WARREN,"ChfTaxCounsel, Sen Fin Comm; SrTaxCounsel, Sen Thune; TaxCounsel, Hs W&M Comm; DepAsstSec, Dept of Treas, Leg Affairs; ChfCounsel, Sen Repub Policy Comm; StaffDir and ChfCounsel, Sen Small Bus Comm; TaxAndFinanceCounsel, Sen Small Bus Comm",53,11,2,260000.0
"BROWNSTEIN HYATT FARBER SCHRECK, LLP",APOLLO GLOBAL MANAGEMENT,MARK WARREN,"ChfTaxCounsel, Sen Fin Comm; SrTaxCounsel, Sen Thune; TaxCounsel, Hs W&M Comm; DepAsstSec, Dept of Treas, Leg Affairs; ChfCounsel, Sen Repub Policy Comm; StaffDir and ChfCounsel, Sen Small Bus Comm; TaxAndFinanceCounsel, Sen Small Bus Comm",53,11,2,260000.0
"BROWNSTEIN HYATT FARBER SCHRECK, LLP",APOLLO GLOBAL MANAGEMENT,RUSSELL SULLIVAN,"Staff Director, Senate Finance Committee; Chief Counsel, Senate FinanceCommittee; Leg. Director, Sen. Bob Graham",53,11,2,260000.0
"BROWNSTEIN HYATT FARBER SCHRECK, LLP",APOLLO GLOBAL MANAGEMENT,RUSSELL SULLIVAN,"Staff Director, Senate Finance Committee; Chief Counsel, Senate FinanceCommittee; Leg. Director, Sen. Bob Graham",53,11,2,260000.0
"BROWNSTEIN HYATT FARBER SCHRECK, LLP",APOLLO GLOBAL MANAGEMENT,MARK WARREN,"Chf Tax Counsel, Sen Fin Comm; Sr Tax Counsel, Sen Thune; Tax Counsel, Hs W&M Comm; Dep Asst Sec, Dept of Treas, Leg Affairs; Chf Counsel, Sen Repub Policy Comm; Staff Dir and Chf Counsel, Sen Small Bus Comm; TaxAndFinance Counsel, Sen Small Bus Comm",53,11,2,260000.0
"BROWNSTEIN HYATT FARBER SCHRECK, LLP",APOLLO GLOBAL MANAGEMENT,MATT GRINNEY,"Sr. Policy and Comms Advisor, Federal Housing Finance Agency; Dep. Director of Speechwriting, VP of the United States; Speechwriter, U.S. Dept. of Health and Human Services; Comms Advisor, Sen. Mike Lee; Staff Assistant, Rep. James Clyburn; Intern",53,11,2,260000.0
"BROWNSTEIN HYATT FARBER SCHRECK, LLP",APOLLO GLOBAL MANAGEMENT,MARK WARREN,"ChfTaxCounsel, Sen Fin Comm; SrTaxCounsel, Sen Thune; TaxCounsel, Hs W&M Comm; DepAsstSec, Dept of Treas, Leg Affairs; ChfCounsel, Sen Repub Policy Comm; StaffDir and ChfCounsel, Sen Small Bus Comm; TaxAndFinanceCounsel, Sen Small Bus Comm",53,11,2,260000.0
"BROWNSTEIN HYATT FARBER SCHRECK, LLP",APOLLO GLOBAL MANAGEMENT,MARK WARREN,"Chf TaxCounsel, Sen Fin Comm; Sr Tax Counsel, Sen Thune; Tax Counsel, Hs W&M Comm; Dep Asst Sec, Dept of Treas, Leg Affairs; Chf Counsel,Sen Repub Policy Comm; Staff Dir and Chf Counsel, Sen Small Bus Comm; Tax And Finance Counsel, Sen Small Bus Comm",53,11,2,260000.0
"BROWNSTEIN HYATT FARBER SCHRECK, LLP",APOLLO GLOBAL MANAGEMENT,MATT GRINNEY,"Sr. Policy and Comms Advisor, Federal Housing Finance Agency; Dep. Director of Speechwriting, VP of the United States; Speechwriter, U.S. Dept. of Health and Human Services; Comms Advisor, Sen. Mike Lee; Staff Assistant, Rep. James Clyburn.",53,11,2,260000.0
"BROWNSTEIN HYATT FARBER SCHRECK, LLP",APOLLO GLOBAL MANAGEMENT,MARK WARREN,"Chf TaxCounsel, Sen Fin Comm; Sr Tax Counsel, Sen Thune; TaxCounsel, Hs W&M Comm; Dep Asst Sec, Dept of Treas, Leg Affairs; Chf Counsel, Sen Repub Policy Comm; Staff Dir and Chf Counsel, Sen Small Bus Comm; Tax And Finance Counsel, Sen Small Bus Comm",53,11,2,260000.0
"BROWNSTEIN HYATT FARBER SCHRECK, LLP",APOLLO GLOBAL MANAGEMENT,RUSSELL SULLIVAN,"Staff Director, Senate Finance Committee; Chief Counsel, Senate Finance Committee; Leg. Director, Sen. Bob Graham",53,11,2,260000.0
"BROWNSTEIN HYATT FARBER SCHRECK, LLP",APOLLO GLOBAL MANAGEMENT,RUSSELL SULLIVAN,"Staff Director, Senate Finance Committee; Chief Counsel, Senate FinanceCommittee; Leg. Director, Sen. Bob Graham",53,11,2,260000.0
"BROWNSTEIN HYATT FARBER SCHRECK, LLP",APOLLO GLOBAL MANAGEMENT,MATT GRINNEY,"Sr. Policy and Comms Advisor, Federal Housing Finance Agency; Dep. Director of Speechwriting, VP of the United States; Speechwriter, U.S. Dept. of Health and Human Services; Comms Advisor, Sen. Mike Lee; Staff Assistant, Rep. James Clyburn.",53,11,2,260000.0
"BROWNSTEIN HYATT FARBER SCHRECK, LLP",APOLLO GLOBAL MANAGEMENT,MARK WARREN,"Chf Tax Counsel, Sen Fin Comm; Sr Tax Counsel, Sen Thune; Tax Counsel, Hs W&M Comm; Dep Asst Sec, Dept of Treas, Leg Affairs; Chf Counsel,Sen Repub Policy Comm; Staff Dir and Chf Counsel, Sen Small Bus Comm; Tax And FinanceCounsel, Sen Small Bus Comm",53,11,2,260000.0
"BROWNSTEIN HYATT FARBER SCHRECK, LLP",APOLLO GLOBAL MANAGEMENT,RUSSELL SULLIVAN,"Staff Director, Senate Finance Committee; Chief Counsel, Senate Finance Committee; Leg. Director, Sen. Bob Graham",53,11,2,260000.0
"BROWNSTEIN HYATT FARBER SCHRECK, LLP",APOLLO GLOBAL MANAGEMENT,MARK WARREN,"Chf TaxCounsel, Sen Fin Comm; Sr Tax Counsel, Sen Thune; Tax Counsel, Hs W&M Comm; Dep Asst Sec, Dept of Treas, Leg Affairs; Chf Counsel,Sen Repub Policy Comm; Staff Dir and Chf Counsel, Sen Small Bus Comm; Tax And Finance Counsel, Sen Small Bus Comm",53,11,2,260000.0
"BROWNSTEIN HYATT FARBER SCHRECK, LLP",APOLLO GLOBAL MANAGEMENT,MARK WARREN,"ChfTaxCounsel, Sen Fin Comm; SrTaxCounsel, Sen Thune; TaxCounsel, Hs W&M Comm; DepAsstSec, Dept of Treas, Leg Affairs; ChfCounsel, Sen Repub Policy Comm; StaffDir and ChfCounsel, Sen Small Bus Comm; TaxAndFinanceCounsel, Sen Small Bus Comm",53,11,2,260000.0
"BROWNSTEIN HYATT FARBER SCHRECK, LLP",APOLLO GLOBAL MANAGEMENT,MATT GRINNEY,"Sr. Policy and Comms Advisor, Federal Housing Finance Agency; Dep. Director of Speechwriting, VP of the United States; Speechwriter, U.S. Dept. of Health and Human Services; Comms Advisor, Sen. Mike Lee; Staff Assistant, Rep. James Clyburn; Intern",53,11,2,260000.0
"BROWNSTEIN HYATT FARBER SCHRECK, LLP",APOLLO GLOBAL MANAGEMENT,RUSSELL SULLIVAN,"Staff Director, Senate Finance Committee",53,11,2,260000.0
"BROWNSTEIN HYATT FARBER SCHRECK, LLP",APOLLO GLOBAL MANAGEMENT,MARK WARREN,"Chf Tax Counsel, Sen Fin Comm; Sr Tax Counsel, Sen Thune; Tax Counsel, Hs W&M Comm; Dep Asst Sec, Dept of Treas, Leg Affairs; Chf Counsel, Sen Repub Policy Comm; Staff Dir and Chf Counsel, Sen Small Bus Comm; Tax & Finance Counsel, Sen Small Bus Comm",53,11,2,260000.0
"BROWNSTEIN HYATT FARBER SCHRECK, LLP",APOLLO GLOBAL MANAGEMENT,MARK WARREN,"Chf Tax Counsel, Sen Fin Comm; Sr Tax Counsel, Sen Thune; Tax Counsel, Hs W&M Comm; Dep Asst Sec, Dept of Treas, Leg Affairs; Chf Counsel,Sen Repub Policy Comm; Staff Dir and Chf Counsel, Sen Small Bus Comm; Tax And FinanceCounsel, Sen Small Bus Comm",53,11,2,260000.0
"BROWNSTEIN HYATT FARBER SCHRECK, LLP",APOLLO GLOBAL MANAGEMENT,MARK WARREN,"Chf TaxCounsel, Sen Fin Comm; Sr Tax Counsel, Sen Thune; Tax Counsel, Hs W&M Comm; Dep Asst Sec, Dept of Treas, Leg Affairs; Chf Counsel,Sen Repub Policy Comm; Staff Dir and Chf Counsel, Sen Small Bus Comm; Tax And Finance Counsel, Sen Small Bus Comm",53,11,2,260000.0
"BROWNSTEIN HYATT FARBER SCHRECK, LLP",APOLLO GLOBAL MANAGEMENT,MARK WARREN,"Chf Tax Counsel, Sen Fin Comm; Sr Tax Counsel, Sen Thune; Tax Counsel, Hs W&M Comm; Dep Asst Sec, Dept of Treas, Leg Affairs; Chf Counsel, Sen Repub Policy Comm; Staff Dir and Chf Counsel, Sen Small Bus Comm; Tax & Finance Counsel, Sen Small Bus Comm",53,11,2,260000.0
"BROWNSTEIN HYATT FARBER SCHRECK, LLP",APOLLO GLOBAL MANAGEMENT,RUSSELL SULLIVAN,"Staff Director, Senate Finance Committee",53,11,2,260000.0
"BROWNSTEIN HYATT FARBER SCHRECK, LLP",APOLLO GLOBAL MANAGEMENT,RUSSELL SULLIVAN,"Staff Director, Senate Finance Committee",53,11,2,260000.0
"BROWNSTEIN HYATT FARBER SCHRECK, LLP",APOLLO GLOBAL MANAGEMENT,RUSSELL SULLIVAN,"Staff Director, Senate Finance Committee; Chief Counsel, Senate Finance Committee; Leg. Director, Sen. Bob Graham",53,11,2,260000.0
"BROWNSTEIN HYATT FARBER SCHRECK, LLP",APOLLO GLOBAL MANAGEMENT,RUSSELL SULLIVAN,"Staff Director, Senate Finance Committee; Chief Counsel, Senate Finance Committee; Leg. Director, Sen. Bob Graham",53,11,2,260000.0
"BROWNSTEIN HYATT FARBER SCHRECK, LLP",APOLLO GLOBAL MANAGEMENT,MARK WARREN,"Chf TaxCounsel, Sen Fin Comm; Sr Tax Counsel, Sen Thune; Tax Counsel, Hs W&M Comm; Dep Asst Sec, Dept of Treas, Leg Affairs; Chf Counsel,Sen Repub Policy Comm; Staff Dir and Chf Counsel, Sen Small Bus Comm; Tax And Finance Counsel, Sen Small Bus Comm",53,11,2,260000.0
"BROWNSTEIN HYATT FARBER SCHRECK, LLP",APOLLO GLOBAL MANAGEMENT,MARK WARREN,"Chf TaxCounsel, Sen Fin Comm; Sr Tax Counsel, Sen Thune; Tax Counsel, Hs W&M Comm; Dep Asst Sec, Dept of Treas, Leg Affairs; Chf Counsel,Sen Repub Policy Comm; Staff Dir and Chf Counsel, Sen Small Bus Comm; Tax And Finance Counsel, Sen Small Bus Comm",53,11,2,260000.0
"BROWNSTEIN HYATT FARBER SCHRECK, LLP",APOLLO GLOBAL MANAGEMENT,RUSSELL SULLIVAN,"Staff Director, Senate Finance Committee; Chief Counsel, Senate Finance Committee; Leg. Director, Sen. Bob Graham",53,11,2,260000.0
"BROWNSTEIN HYATT FARBER SCHRECK, LLP",APOLLO GLOBAL MANAGEMENT,MARK WARREN,"Chf TaxCounsel, Sen Fin Comm; Sr Tax Counsel, Sen Thune; TaxCounsel, Hs W&M Comm; Dep Asst Sec, Dept of Treas, Leg Affairs; Chf Counsel, Sen Repub Policy Comm; Staff Dir and Chf Counsel, Sen Small Bus Comm; Tax And Finance Counsel, Sen Small Bus Comm",53,11,2,260000.0
"BROWNSTEIN HYATT FARBER SCHRECK, LLP",APOLLO GLOBAL MANAGEMENT,MARK WARREN,"Chf Tax Counsel, Sen Fin Comm; Sr Tax Counsel, Sen Thune; Tax Counsel, Hs W&M Comm; Dep Asst Sec, Dept of Treas, Leg Affairs; Chf Counsel, Sen Repub Policy Comm; Staff Dir and Chf Counsel, Sen Small Bus Comm; TaxAndFinance Counsel, Sen Small Bus Comm",53,11,2,260000.0
"BROWNSTEIN HYATT FARBER SCHRECK, LLP",APOLLO GLOBAL MANAGEMENT,MATT GRINNEY,"Sr. Policy and Comms Advisor, Federal Housing Finance Agency; Dep. Director of Speechwriting, VP of the United States; Speechwriter, U.S. Dept. of Health and Human Services; Comms Advisor, Sen. Mike Lee; Staff Assistant, Rep. James Clyburn.",53,11,2,260000.0
"BROWNSTEIN HYATT FARBER SCHRECK, LLP",APOLLO GLOBAL MANAGEMENT,MARK WARREN,"Chf TaxCounsel, Sen Fin Comm; Sr Tax Counsel, Sen Thune; Tax Counsel, Hs W&M Comm; Dep Asst Sec, Dept of Treas, Leg Affairs; Chf Counsel,Sen Repub Policy Comm; Staff Dir and Chf Counsel, Sen Small Bus Comm; Tax And Finance Counsel, Sen Small Bus Comm",53,11,2,260000.0
"BROWNSTEIN HYATT FARBER SCHRECK, LLP",APOLLO GLOBAL MANAGEMENT,MARK WARREN,"Chf Tax Counsel, Sen Fin Comm; Sr Tax Counsel, Sen Thune; Tax Counsel, Hs W&M Comm; Dep Asst Sec, Dept of Treas, Leg Affairs; Chf Counsel,Sen Repub Policy Comm; Staff Dir and Chf Counsel, Sen Small Bus Comm; Tax And FinanceCounsel, Sen Small Bus Comm",53,11,2,260000.0
"BROWNSTEIN HYATT FARBER SCHRECK, LLP",APOLLO GLOBAL MANAGEMENT,MARK WARREN,"Chf Tax Counsel, Sen Fin Comm; Sr Tax Counsel, Sen Thune; Tax Counsel, Hs W&M Comm; Dep Asst Sec, Dept of Treas, Leg Affairs; Chf Counsel, Sen Repub Policy Comm; Staff Dir and Chf Counsel, Sen Small Bus Comm; Tax & Finance Counsel, Sen Small Bus Comm",53,11,2,260000.0
"BROWNSTEIN HYATT FARBER SCHRECK, LLP",APOLLO GLOBAL MANAGEMENT,MARK WARREN,"Chf TaxCounsel, Sen Fin Comm; Sr Tax Counsel, Sen Thune; TaxCounsel, Hs W&M Comm; Dep Asst Sec, Dept of Treas, Leg Affairs; Chf Counsel, Sen Repub Policy Comm; Staff Dir and Chf Counsel, Sen Small Bus Comm; Tax And Finance Counsel, Sen Small Bus Comm",53,11,2,260000.0
"BROWNSTEIN HYATT FARBER SCHRECK, LLP",APOLLO GLOBAL MANAGEMENT,MARK WARREN,"Chf Tax Counsel, Sen Fin Comm; Sr Tax Counsel, Sen Thune; Tax Counsel, Hs W&M Comm; Dep Asst Sec, Dept of Treas, Leg Affairs; Chf Counsel, Sen Repub Policy Comm; Staff Dir and Chf Counsel, Sen Small Bus Comm; TaxAndFinance Counsel, Sen Small Bus Comm",53,11,2,260000.0
"BROWNSTEIN HYATT FARBER SCHRECK, LLP",APOLLO GLOBAL MANAGEMENT,MARK WARREN,"Chf Tax Counsel, Sen Fin Comm; Sr Tax Counsel, Sen Thune; Tax Counsel, Hs W&M Comm; Dep Asst Sec, Dept of Treas, Leg Affairs; Chf Counsel,Sen Repub Policy Comm; Staff Dir and Chf Counsel, Sen Small Bus Comm; Tax And FinanceCounsel, Sen Small Bus Comm",53,11,2,260000.0
"BROWNSTEIN HYATT FARBER SCHRECK, LLP",APOLLO GLOBAL MANAGEMENT,MARK WARREN,"Chf TaxCounsel, Sen Fin Comm; Sr Tax Counsel, Sen Thune; TaxCounsel, Hs W&M Comm; Dep Asst Sec, Dept of Treas, Leg Affairs; Chf Counsel, Sen Repub Policy Comm; Staff Dir and Chf Counsel, Sen Small Bus Comm; Tax And Finance Counsel, Sen Small Bus Comm",53,11,2,260000.0
"BROWNSTEIN HYATT FARBER SCHRECK, LLP",APOLLO GLOBAL MANAGEMENT,RUSSELL SULLIVAN,"Staff Director, Senate Finance Committee",53,11,2,260000.0
"BROWNSTEIN HYATT FARBER SCHRECK, LLP",APOLLO GLOBAL MANAGEMENT,RUSSELL SULLIVAN,"Staff Director, Senate Finance Committee",53,11,2,260000.0
"BROWNSTEIN HYATT FARBER SCHRECK, LLP",APOLLO GLOBAL MANAGEMENT,RUSSELL SULLIVAN,"Staff Director, Senate Finance Committee; Chief Counsel, Senate FinanceCommittee; Leg. Director, Sen. Bob Graham",53,11,2,260000.0
"BROWNSTEIN HYATT FARBER SCHRECK, LLP",APOLLO GLOBAL MANAGEMENT,MARK WARREN,"Chf Tax Counsel, Sen Fin Comm; Sr Tax Counsel, Sen Thune; Tax Counsel, Hs W&M Comm; Dep Asst Sec, Dept of Treas, Leg Affairs; Chf Counsel,Sen Repub Policy Comm; Staff Dir and Chf Counsel, Sen Small Bus Comm; Tax And FinanceCounsel, Sen Small Bus Comm",53,11,2,260000.0
"BROWNSTEIN HYATT FARBER SCHRECK, LLP",APOLLO GLOBAL MANAGEMENT,MARK WARREN,"Chf TaxCounsel, Sen Fin Comm; Sr Tax Counsel, Sen Thune; Tax Counsel, Hs W&M Comm; Dep Asst Sec, Dept of Treas, Leg Affairs; Chf Counsel,Sen Repub Policy Comm; Staff Dir and Chf Counsel, Sen Small Bus Comm; Tax And Finance Counsel, Sen Small Bus Comm",53,11,2,260000.0
"BROWNSTEIN HYATT FARBER SCHRECK, LLP",APOLLO GLOBAL MANAGEMENT,MATT GRINNEY,"Sr. Policy and Comms Advisor, Federal Housing Finance Agency; Dep. Director of Speechwriting, VP of the United States; Speechwriter, U.S. Dept. of Health and Human Services; Comms Advisor, Sen. Mike Lee; Staff Assistant, Rep. James Clyburn.",53,11,2,260000.0
TODD STRATEGY GROUP,APOLLO GLOBAL MANAGEMENT,DANIEL TODD,"Senior Health Counsel, Senate Finance Committee; Special Assistant, Office of Admin. Ct. - Medicare & Medicaid",53,11,2,80000.0
TODD STRATEGY GROUP,APOLLO GLOBAL MANAGEMENT,DANIEL TODD,"Senior Health Counsel, Senate Finance Committee; Special Assistant, Office of Admin. Ctr. - Medicare & Medicaid",53,11,2,80000.0
TODD STRATEGY GROUP,APOLLO GLOBAL MANAGEMENT,DANIEL TODD,"Senior Health Counsel, Senate Finance Committee",53,11,2,80000.0
TODD STRATEGY GROUP,APOLLO GLOBAL MANAGEMENT,DANIEL TODD,"Senior Health Counsel, Senate Finance Committee; Special Assistant, Office of Amin Ctr. Medicare & Medicaid",53,11,2,80000.0
"RUTLEDGE POLICY GROUP, LLC",APOLLO GLOBAL MANAGEMENT. INC.,PRESTON RUTLEDGE,"Assistant Secretary of Labor, Employee Benefits Security Administration; Senior Tax and Benefits Counsel, Senate Committee on Finance",53,11,2,60000.0
TODD STRATEGY GROUP,APOLLO GLOBAL MANAGEMENT,DANIEL TODD,"Senior Health Counsel, Senate Finance Committee; Special Assistant, Office of Amin Ctr. Medicare & Medicaid",53,11,2,60000.0
TODD STRATEGY GROUP,APOLLO GLOBAL MANAGEMENT,DANIEL TODD,"Senior Health Counsel, Senate Finance Committee; Special Assistant, Office of Amin Ctr. Medicare & Medicaid",53,11,2,60000.0
TODD STRATEGY GROUP,APOLLO GLOBAL MANAGEMENT,DANIEL TODD,"Senior Health Counsel, Senate Finance Committee; Special Assistant, Office of Admin. Ctr. - Medicare & Medicaid",53,11,2,60000.0
TODD STRATEGY GROUP,APOLLO GLOBAL MANAGEMENT,DANIEL TODD,"Senior Health Counsel, Senate Finance Committee; Special Assistant, Office of Admin. Ctr. - Medicare & Medicaid",53,11,2,60000.0
TODD STRATEGY GROUP,APOLLO GLOBAL MANAGEMENT,DANIEL TODD,"Senior Health Counsel, Senate Finance Committee; Special Assistant, Office of Amin Ctr. Medicare & Medicaid",53,11,2,60000.0
TODD STRATEGY GROUP,APOLLO GLOBAL MANAGEMENT,DANIEL TODD,"Senior Health Counsel, Senate Finance Committee",53,11,2,60000.0
TODD STRATEGY GROUP,APOLLO GLOBAL MANAGEMENT,DANIEL TODD,"Senior Health Counsel, Senate Finance Committee; Special Assistant, Office of Amin Ctr. Medicare & Medicaid",53,11,2,60000.0
TODD STRATEGY GROUP,APOLLO GLOBAL MANAGEMENT,DANIEL TODD,"Senior Health Counsel, Senate Finance Committee; Special Assistant, Office of Admin. Ctr. - Medicare & Medicaid",53,11,2,60000.0
"RUTLEDGE POLICY GROUP, LLC",APOLLO GLOBAL MANAGEMENT. INC.,PRESTON RUTLEDGE,Assistant Secretary of Labor - Employee Benefits Security Administration; Senior Tax and Benefits Counsel - Senate Finance Committee,53,11,2,60000.0
TODD STRATEGY GROUP,APOLLO GLOBAL MANAGEMENT,DANIEL TODD,"Senior Health Counsel, Senate Finance Committee; Special Assistant, Office of Admin. Ct. - Medicare & Medicaid",53,11,2,60000.0
TODD STRATEGY GROUP,APOLLO GLOBAL MANAGEMENT,DANIEL TODD,"Senior Health Counsel, Senate Finance Committee; Special Assistant, Office of Admin. Ctr. - Medicare & Medicaid",53,11,2,60000.0
TODD STRATEGY GROUP,APOLLO GLOBAL MANAGEMENT,DANIEL TODD,"Senior Health Counsel, Senate Finance Committee; Special Assistant, Office of Admin. Ct. - Medicare & Medicaid",53,11,2,60000.0
TODD STRATEGY GROUP,APOLLO GLOBAL MANAGEMENT,DANIEL TODD,"Senior Health Counsel, Senate Finance Committee",53,11,2,60000.0
"RUTLEDGE POLICY GROUP, LLC",APOLLO GLOBAL MANAGEMENT. INC.,PRESTON RUTLEDGE,Assistant Secretary of Labor - Employee Benefits Security Administration Senior Tax and Benefits Counsel - Senate Finance Committee,53,11,2,60000.0
TODD STRATEGY GROUP,APOLLO GLOBAL MANAGEMENT,DANIEL TODD,"Senior Health Counsel, Senate Finance Committee",53,11,2,60000.0
"RUTLEDGE POLICY GROUP, LLC",APOLLO GLOBAL MANAGEMENT. INC.,PRESTON RUTLEDGE,"Assistant Secretary of Labor, Employee Benefits Security Administration; Senior Tax and Benefits Counsel, Senate Committee on Finance",53,11,2,60000.0
"RUTLEDGE POLICY GROUP, LLC",APOLLO GLOBAL MANAGEMENT. INC.,PRESTON RUTLEDGE,Assistant Secretary of Labor - Employee Benefits Security Administration Senior Tax and Benefits Counsel - Senate Finance Committee,53,11,2,60000.0
TODD STRATEGY GROUP,APOLLO GLOBAL MANAGEMENT,DANIEL TODD,"Senior Health Counsel, Senate Finance Committee; Special Assistant, Office of Admin. Ctr. - Medicare & Medicaid",53,11,2,60000.0
TODD STRATEGY GROUP,APOLLO GLOBAL MANAGEMENT,DANIEL TODD,"Senior Health Counsel, Senate Finance Committee; Special Assistant, Office of Amin Ctr. Medicare & Medicaid",53,11,2,60000.0
TODD STRATEGY GROUP,APOLLO GLOBAL MANAGEMENT,DANIEL TODD,"Senior Health Counsel, Senate Finance Committee; Special Assistant, Office of Amin Ctr. Medicare & Medicaid",53,11,2,60000.0
TODD STRATEGY GROUP,APOLLO GLOBAL MANAGEMENT,DANIEL TODD,"Senior Health Counsel, Senate Finance Committee; Special Assistant, Office of Admin. Ct. - Medicare & Medicaid",53,11,2,60000.0
TODD STRATEGY GROUP,APOLLO GLOBAL MANAGEMENT,DANIEL TODD,"Senior Health Counsel, Senate Finance Committee; Special Assistant, Office of Admin. Ctr. - Medicare & Medicaid",53,11,2,60000.0
TODD STRATEGY GROUP,APOLLO GLOBAL MANAGEMENT,DANIEL TODD,"Senior Health Counsel, Senate Finance Committee",53,11,2,60000.0
TODD STRATEGY GROUP,APOLLO GLOBAL MANAGEMENT,DANIEL TODD,"Senior Health Counsel, Senate Finance Committee; Special Assistant, Office of Admin. Ct. - Medicare & Medicaid",53,11,2,60000.0
TODD STRATEGY GROUP,APOLLO GLOBAL MANAGEMENT,DANIEL TODD,"Senior Health Counsel, Senate Finance Committee; Special Assistant, Office of Admin. Ct. - Medicare & Medicaid",53,11,2,60000.0
TODD STRATEGY GROUP,APOLLO GLOBAL MANAGEMENT,DANIEL TODD,"Senior Health Counsel, Senate Finance Committee; Special Assistant, Office of Admin. Ctr. - Medicare & Medicaid",53,11,2,60000.0
TODD STRATEGY GROUP,APOLLO GLOBAL MANAGEMENT,DANIEL TODD,"Senior Health Counsel, Senate Finance Committee",53,11,2,60000.0
TODD STRATEGY GROUP,APOLLO GLOBAL MANAGEMENT,DANIEL TODD,"Senior Health Counsel, Senate Finance Committee; Special Assistant, Office of Admin. Ct. - Medicare & Medicaid",53,11,2,60000.0
TODD STRATEGY GROUP,APOLLO GLOBAL MANAGEMENT,DANIEL TODD,"Senior Health Counsel, Senate Finance Committee",53,11,2,60000.0
"RUTLEDGE POLICY GROUP, LLC",APOLLO GLOBAL MANAGEMENT. INC.,PRESTON RUTLEDGE,Assistant Secretary of Labor - Employee Benefits Security Administration; Senior Tax and Benefits Counsel - Senate Finance Committee,53,11,2,60000.0
TODD STRATEGY GROUP,APOLLO GLOBAL MANAGEMENT,DANIEL TODD,"Senior Health Counsel, Senate Finance Committee; Special Assistant, Office of Amin Ctr. Medicare & Medicaid",53,11,2,60000.0
TODD STRATEGY GROUP,APOLLO GLOBAL MANAGEMENT,DANIEL TODD,"Senior Health Counsel, Senate Finance Committee; Special Assistant, Office of Admin. Ctr. - Medicare & Medicaid",53,11,2,60000.0
TODD STRATEGY GROUP,APOLLO GLOBAL MANAGEMENT,DANIEL TODD,"Senior Health Counsel, Senate Finance Committee; Special Assistant, Office of Admin. Ct. - Medicare & Medicaid",53,11,2,60000.0
TODD STRATEGY GROUP,APOLLO GLOBAL MANAGEMENT,DANIEL TODD,"Senior Health Counsel, Senate Finance Committee",53,11,2,60000.0
TODD STRATEGY GROUP,APOLLO GLOBAL MANAGEMENT,DANIEL TODD,"Senior Health Counsel, Senate Finance Committee; Special Assistant, Office of Amin Ctr. Medicare & Medicaid",53,11,2,60000.0
TODD STRATEGY GROUP,APOLLO GLOBAL MANAGEMENT,DANIEL TODD,"Senior Health Counsel, Senate Finance Committee",53,11,2,60000.0
TODD STRATEGY GROUP,APOLLO GLOBAL MANAGEMENT,DANIEL TODD,"Senior Health Counsel, Senate Finance Committee; Special Assistant, Office of Admin. Ct. - Medicare & Medicaid",53,11,2,60000.0
"RUTLEDGE POLICY GROUP, LLC",APOLLO GLOBAL MANAGEMENT. INC.,PRESTON RUTLEDGE,Assistant Secretary of Labor - Employee Benefits Security Administration; Senior Tax and Benefits Counsel - Senate Finance Committee,53,11,2,40000.0
"RUTLEDGE POLICY GROUP, LLC",APOLLO GLOBAL MANAGEMENT. INC.,PRESTON RUTLEDGE,Assistant Secretary of Labor - Employee Benefits Security Administration Senior Tax and Benefits Counsel - Senate Finance Committee,53,11,2,40000.0
"RUTLEDGE POLICY GROUP, LLC",APOLLO GLOBAL MANAGEMENT. INC.,PRESTON RUTLEDGE,"Assistant Secretary of Labor, Employee Benefits Security Administration; Senior Tax and Benefits Counsel, Senate Committee on Finance",53,11,2,40000.0
"RUTLEDGE POLICY GROUP, LLC","BROWNSTEIN (BHFS, LLP) OBO APOLLO GLOBAL MANAGEMENT",PRESTON RUTLEDGE,Assistant Secretary of Labor - Employee Benefits Security Administration Senior Tax and Benefits Counsel - Senate Finance Committee,53,11,2,
"RUTLEDGE POLICY GROUP, LLC","BROWNSTEIN (BHFS, LLP) OBO APOLLO GLOBAL MANAGEMENT",PRESTON RUTLEDGE,Assistant Secretary of Labor - Employee Benefits Security Administration; Senior Tax and Benefits Counsel - Senate Finance Committee,53,11,2,
"RUTLEDGE POLICY GROUP, LLC","BROWNSTEIN (BHFS, LLP) OBO APOLLO GLOBAL MANAGEMENT",PRESTON RUTLEDGE,Assistant Secretary of Labor - Employee Benefits Security Administration; Senior Tax and Benefits Counsel - Senate Finance Committee,53,11,2,
"RUTLEDGE POLICY GROUP, LLC","BROWNSTEIN (BHFS, LLP) OBO APOLLO GLOBAL MANAGEMENT",PRESTON RUTLEDGE,"Assistant Secretary of Labor, Employee Benefits Security Administration; Senior Tax and Benefits Counsel, Senate Committee on Finance",53,11,2,
"RUTLEDGE POLICY GROUP, LLC","BROWNSTEIN (BHFS, LLP) OBO APOLLO GLOBAL MANAGEMENT",PRESTON RUTLEDGE,Assistant Secretary of Labor - Employee Benefits Security Administration; Senior Tax and Benefits Counsel - Senate Finance Committee,53,11,2,
"RUTLEDGE POLICY GROUP, LLC",APOLLO GLOBAL MANAGEMENT. INC.,PRESTON RUTLEDGE,Assistant Secretary of Labor - Employee Benefits Security Administration Senior Tax and Benefits Counsel - Senate Finance Committee,53,11,2,
"RUTLEDGE POLICY GROUP, LLC","BROWNSTEIN (BHFS, LLP) OBO APOLLO GLOBAL MANAGEMENT",PRESTON RUTLEDGE,Assistant Secretary of Labor - Employee Benefits Security Administration; Senior Tax and Benefits Counsel - Senate Finance Committee,53,11,2,
"RUTLEDGE POLICY GROUP, LLC","BROWNSTEIN (BHFS, LLP) OBO APOLLO GLOBAL MANAGEMENT",PRESTON RUTLEDGE,Assistant Secretary of Labor - Employee Benefits Security Administration; Senior Tax and Benefits Counsel - Senate Finance Committee,53,11,2,
"RUTLEDGE POLICY GROUP, LLC","BROWNSTEIN (BHFS, LLP) OBO APOLLO GLOBAL MANAGEMENT",PRESTON RUTLEDGE,Assistant Secretary of Labor - Employee Benefits Security Administration Senior Tax and Benefits Counsel - Senate Finance Committee,53,11,2,
"RUTLEDGE POLICY GROUP, LLC","BROWNSTEIN (BHFS, LLP) OBO APOLLO GLOBAL MANAGEMENT",PRESTON RUTLEDGE,Assistant Secretary of Labor - Employee Benefits Security Administration Senior Tax and Benefits Counsel - Senate Finance Committee,53,11,2,
"RUTLEDGE POLICY GROUP, LLC","BROWNSTEIN (BHFS, LLP) OBO APOLLO GLOBAL MANAGEMENT",PRESTON RUTLEDGE,"Assistant Secretary of Labor, Employee Benefits Security Administration; Senior Tax and Benefits Counsel, Senate Committee on Finance",53,11,2,
"RUTLEDGE POLICY GROUP, LLC","BROWNSTEIN (BHFS, LLP) OBO APOLLO GLOBAL MANAGEMENT",PRESTON RUTLEDGE,"Assistant Secretary of Labor, Employee Benefits Security Administration; Senior Tax and Benefits Counsel, Senate Committee on Finance",53,11,2,
"RUTLEDGE POLICY GROUP, LLC","BROWNSTEIN (BHFS, LLP) OBO APOLLO GLOBAL MANAGEMENT",PRESTON RUTLEDGE,"Assistant Secretary of Labor, Employee Benefits Security Administration; Senior Tax and Benefits Counsel, Senate Committee on Finance",53,11,2,
"RUTLEDGE POLICY GROUP, LLC",APOLLO GLOBAL MANAGEMENT. INC.,PRESTON RUTLEDGE,"Assistant Secretary of Labor, Employee Benefits Security Administration; Senior Tax and Benefits Counsel, Senate Committee on Finance",53,11,2,
"RUTLEDGE POLICY GROUP, LLC","BROWNSTEIN (BHFS, LLP) OBO APOLLO GLOBAL MANAGEMENT",PRESTON RUTLEDGE,Assistant Secretary of Labor - Employee Benefits Security Administration Senior Tax and Benefits Counsel - Senate Finance Committee,53,11,2,
"RUTLEDGE POLICY GROUP, LLC","BROWNSTEIN (BHFS, LLP) OBO APOLLO GLOBAL MANAGEMENT",PRESTON RUTLEDGE,"Assistant Secretary of Labor, Employee Benefits Security Administration; Senior Tax and Benefits Counsel, Senate Committee on Finance",53,11,2,
"RUTLEDGE POLICY GROUP, LLC",APOLLO GLOBAL MANAGEMENT. INC.,PRESTON RUTLEDGE,Assistant Secretary of Labor - Employee Benefits Security Administration; Senior Tax and Benefits Counsel - Senate Finance Committee,53,11,2,
"RUTLEDGE POLICY GROUP, LLC","BROWNSTEIN (BHFS, LLP) OBO APOLLO GLOBAL MANAGEMENT",PRESTON RUTLEDGE,Assistant Secretary of Labor - Employee Benefits Security Administration Senior Tax and Benefits Counsel - Senate Finance Committee,53,11,2,
