registrant_id,registrant_name,quarterly_filings_with_null_income,distinct_clients,first_seen,last_seen
401103955,DOWNS GOVERNMENT AFFAIRS,829,58,2022-first_quarter,2026-first_quarter
400275281,"LIBERTY PARTNERS GROUP, LLC",708,73,2022-first_quarter,2026-first_quarter
285255,STRATEGIC HEALTH CARE,604,43,2022-first_quarter,2026-first_quarter
75570,J M BURKMAN & ASSOCIATES,389,85,2022-first_quarter,2026-first_quarter
17352,"HALL, RENDER, KILLIAN, HEATH & LYMAN, P.C.",325,34,2022-first_quarter,2026-first_quarter
400620885,"POBLETE TAMARGO, LLP",318,23,2022-first_quarter,2026-first_quarter
308811,LNE GROUP,269,69,2022-first_quarter,2026-first_quarter
17818,"HEALTH AND MEDICINE COUNSEL, LLC",236,25,2022-first_quarter,2025-third_quarter
401106020,LARKIN HOFFMAN,222,21,2022-first_quarter,2026-first_quarter
14451,"THE FERGUSON GROUP, LLC",213,37,2022-first_quarter,2026-first_quarter
75557,"CORNERSTONE GOVERNMENT AFFAIRS, INC.",211,50,2022-first_quarter,2026-first_quarter
22883,FBB FEDERAL RELATIONS,199,22,2022-first_quarter,2026-first_quarter
400487397,LOBBYIT.COM,189,29,2022-first_quarter,2026-first_quarter
401103573,FORESIGHT LAW + POLICY PLLC,182,17,2022-first_quarter,2026-first_quarter
7268,BROYDRICK & ASSOCIATES,181,33,2022-first_quarter,2026-first_quarter
323136,G2G CONSULTING,177,36,2022-first_quarter,2026-first_quarter
297294,BOSE PUBLIC AFFAIRS GROUP,173,22,2022-first_quarter,2026-first_quarter
18466,HOLLAND & KNIGHT LLP,168,67,2022-first_quarter,2026-first_quarter
32008,"POWERS PYLES SUTTER & VERVILLE, P.C.",165,25,2022-first_quarter,2026-first_quarter
66773,"THE CORMAC GROUP, LLC",159,27,2022-first_quarter,2026-first_quarter
33454,"ROBERTSON, MONAGLE, & EASTAUGH LLC (FKA ROBERTSON, MONAGLE & EASTAUGH PC)",157,15,2022-first_quarter,2026-first_quarter
39815,"VAN NESS FELDMAN, LLP",156,24,2022-first_quarter,2026-first_quarter
401104071,NEW CENTURY GOVERNMENT AFFAIRS (F/K/A TERRENCE C. WOLFE),156,17,2022-first_quarter,2026-first_quarter
23634,MANATOS & MANATOS,156,16,2022-first_quarter,2026-first_quarter
401103619,"WARWICK GROUP CONSULTANTS, LLC",155,12,2022-first_quarter,2026-first_quarter
401104734,THE VOGEL GROUP,154,48,2022-first_quarter,2026-first_quarter
32098,"K&L GATES, LLP",153,82,2022-first_quarter,2026-first_quarter
401104340,"GOVERNMENT RELATIONS GROUP, LLC",153,35,2022-first_quarter,2026-first_quarter
35230,SIDLEY AUSTIN LLP,152,35,2022-first_quarter,2026-first_quarter
400568701,"DININO ASSOCIATES, LLC",152,26,2022-first_quarter,2026-first_quarter
7257,"BROWNSTEIN HYATT FARBER SCHRECK, LLP",145,76,2022-first_quarter,2026-first_quarter
65976,"CAPITOL TAX PARTNERS, LLP",145,17,2022-first_quarter,2026-first_quarter
11674,DAVIS & HARMAN LLP,144,24,2022-first_quarter,2026-first_quarter
401006842,"WINN STRATEGIES, LLC",142,12,2022-first_quarter,2025-third_quarter
23645,"MANATT, PHELPS, AND PHILLIPS",140,22,2022-first_quarter,2026-first_quarter
400384779,"AUX INITIATIVES, LLC",135,11,2022-first_quarter,2026-first_quarter
18364,"HOBBS, STRAUS, DEAN & WALKER, LLP",131,26,2022-first_quarter,2026-first_quarter
41454,"WILLIAMS AND JENSEN, PLLC",130,30,2022-first_quarter,2026-first_quarter
17000,"GROOM LAW GROUP, CHARTERED",130,12,2022-first_quarter,2026-first_quarter
324412,"VERSANT STRATEGIES LLC (FORMERLY KNOWN AS WOLFF STRATEGIES, LLC.)",127,10,2022-first_quarter,2026-first_quarter
5404,"BARNES & THORNBURG, LLP",122,41,2022-first_quarter,2026-first_quarter
12868,"DUTKO WORLDWIDE, LLC",122,29,2022-first_quarter,2025-first_quarter
157,"ADAMS AND REESE, LLP",121,32,2022-first_quarter,2026-first_quarter
401105047,"STRIDE POLICY SOLUTIONS, LLC",121,11,2022-first_quarter,2026-first_quarter
307114,KELLEY DRYE & WARREN LLP,119,28,2022-first_quarter,2026-first_quarter
400976792,FORBES-TATE,115,30,2022-first_quarter,2026-first_quarter
2194,AMERICAN DEFENSE INTERNATIONAL,111,45,2022-first_quarter,2026-first_quarter
31736,POLICY DEVELOPMENT GROUP,110,11,2022-first_quarter,2026-first_quarter
401104313,"MILLER STRATEGIES, LLC",109,37,2022-first_quarter,2026-first_quarter
401104288,"BALLARD PARTNERS, LLC",107,46,2022-first_quarter,2026-first_quarter
401057985,ATLANTIC STRATEGIES GROUP LLC,105,30,2022-first_quarter,2025-third_quarter
4208,ARENTFOX SCHIFF LLP,102,39,2022-first_quarter,2026-first_quarter
682,AKIN GUMP STRAUSS HAUER & FELD,101,59,2022-first_quarter,2026-first_quarter
50796,WINNING STRATEGIES WASHINGTON,100,37,2022-first_quarter,2026-first_quarter
24486,MCGUIREWOODS CONSULTING (A SUBSIDIARY OF MCGUIREWOODS LLP),100,34,2022-first_quarter,2026-first_quarter
61458,THE RABEN GROUP,99,16,2022-first_quarter,2026-first_quarter
20881,"JONES WALKER, LLP",98,37,2022-first_quarter,2026-first_quarter
400498459,MR. DANIEL DELICH,98,8,2022-first_quarter,2025-third_quarter
400459241,CAPITOL HILL PARTNERS,96,10,2022-first_quarter,2026-first_quarter
58250,"RYBERG AND SMITH, L.L.C.",95,8,2022-first_quarter,2026-first_quarter
76992,"CGCN GROUP, LLC",94,18,2022-first_quarter,2026-first_quarter
44674,"WARD AND SMITH, P.A.",94,15,2022-first_quarter,2026-first_quarter
39837,VAN SCOYOC ASSOCIATES,93,22,2022-first_quarter,2026-first_quarter
313635,MML&K GOVERNMENT SOLUTIONS,93,8,2022-first_quarter,2025-third_quarter
314113,"HEIDEMAN NUDELMAN & KALIK, PC",90,9,2022-first_quarter,2025-third_quarter
39941,VENABLE LLP,89,26,2022-first_quarter,2026-first_quarter
36127,"SONOSKY, CHAMBERS, SACHSE, ENDRESON & PERRY, LLP",89,23,2022-first_quarter,2026-first_quarter
401105877,PRIMACY STRATEGY GROUP,88,12,2022-first_quarter,2026-first_quarter
316753,THE CRISCOM COMPANY,86,15,2022-first_quarter,2025-third_quarter
317754,"SORINI, SAMET & ASSOCIATES, LLC",84,16,2022-first_quarter,2025-third_quarter
400454181,MARK REY,84,10,2022-first_quarter,2026-first_quarter
5357,BGR GOVERNMENT AFFAIRS,83,54,2022-first_quarter,2026-first_quarter
5153,BAKER DONELSON BEARMAN CALDWELL & BERKOWITZ,83,26,2022-first_quarter,2026-first_quarter
400882581,"ACTIVE POLICY SOLUTIONS, LLC",83,19,2022-first_quarter,2026-first_quarter
25317,BEST BEST & KRIEGER LLP,82,15,2022-first_quarter,2026-first_quarter
400395867,"BELL & LINDSAY, INC.",81,14,2022-first_quarter,2026-first_quarter
400323519,MR. H.R. BERT PENA,81,9,2022-first_quarter,2025-third_quarter
11993,"DELTA DEVELOPMENT GROUP, INC.",78,27,2022-first_quarter,2026-first_quarter
1182,ALSTON & BIRD LLP,78,24,2022-first_quarter,2026-first_quarter
401105447,BLUEBIRD STRATEGIES,77,12,2022-first_quarter,2026-first_quarter
11526,"DC LEGISLATIVE AND REGULATORY SERVICES, INC.",77,8,2022-first_quarter,2026-first_quarter
11195,COVINGTON & BURLING LLP,76,30,2022-first_quarter,2026-first_quarter
31895,PRASAM,76,18,2022-first_quarter,2026-first_quarter
401106156,RICHARD BURNESS,75,11,2022-first_quarter,2026-first_quarter
401103779,HIGH STREET STRATEGIES LLC,74,13,2022-first_quarter,2026-first_quarter
296817,MR. GAYLORD HUGHEY,74,7,2022-first_quarter,2026-first_quarter
36710,STEPTOE LLP,73,20,2022-first_quarter,2026-first_quarter
67854,ICE MILLER LLP,73,18,2022-first_quarter,2026-first_quarter
401106014,NORTHERN COMPASS GROUP LLC,73,15,2022-first_quarter,2026-first_quarter
79175,STRATEGIES 360,73,12,2022-first_quarter,2025-third_quarter
401017872,"JGB & ASSOCIATES, LLC",73,10,2022-fourth_quarter,2026-first_quarter
8214,CAPSTONE NATIONAL PARTNERS,72,9,2022-first_quarter,2026-first_quarter
30906,SQUIRE PATTON BOGGS,70,42,2022-first_quarter,2026-first_quarter
296271,"MINDSET ADVOCACY, LLC",70,10,2022-first_quarter,2026-first_quarter
23838,MARKLEY AND COMPANY,70,9,2022-first_quarter,2024-third_quarter
401004840,"THE CONAFAY GROUP, LLC",68,16,2022-first_quarter,2026-first_quarter
85936,"WAYPOINT CONSULTING, LLC",68,6,2022-first_quarter,2025-third_quarter
32500,"ROBERT N. PYLE & ASSOCIATES, INC.",68,4,2022-first_quarter,2026-first_quarter
65932,MARKQUEST,68,4,2022-first_quarter,2025-third_quarter
401051964,KAMINS CONSULTING,67,6,2022-first_quarter,2026-first_quarter
46437,VIKKI COOPER & ASSOCIATES,67,6,2022-first_quarter,2025-third_quarter
308775,MONUMENT ADVOCACY,66,10,2022-first_quarter,2026-first_quarter
74795,"MADISON SERVICES GROUP, INC",66,7,2022-first_quarter,2026-first_quarter
400493435,MS. KAREN JOHNSON,66,7,2022-first_quarter,2025-third_quarter
401106013,"OSCAR POLICY GROUP, LLC",65,9,2022-first_quarter,2026-first_quarter
400459252,COZEN O'CONNOR PUBLIC STRATEGIES,64,21,2022-first_quarter,2025-third_quarter
35707,SMITH GARSON,64,11,2022-first_quarter,2026-first_quarter
54734,"TOWNSEND PUBLIC AFFAIRS, INC",63,25,2022-first_quarter,2026-first_quarter
400348604,"TAFT STETTINIUS & HOLLISTER LLP DBA TAFT ADVISORS LLC FKA (TAFT, STETTINIUS & HOLLISTER, LLP)",63,17,2022-first_quarter,2026-first_quarter
55291,BUCHANAN INGERSOLL & ROONEY PC,63,14,2022-first_quarter,2026-first_quarter
35640,"CARPI & CLAY, INC",63,11,2022-first_quarter,2026-first_quarter
86196,FGS GLOBAL (US) LLC (FKA FGH HOLDINGS LLC),62,22,2022-second_quarter,2026-first_quarter
14451,THE FERGUSON GROUP,62,16,2025-first_quarter,2025-third_quarter
400604838,BLUE STAR STRATEGIES LLC,61,10,2022-first_quarter,2026-first_quarter
400414963,FEDERAL BUSINESS GROUP,61,9,2022-first_quarter,2026-first_quarter
71837,"DAVID L. HORNE, LLC",61,6,2022-first_quarter,2025-third_quarter
4301,ARNOLD & PORTER KAYE SCHOLER LLP,60,22,2022-first_quarter,2026-first_quarter
401105838,"STARZYK & ASSOCIATES, LLC",60,8,2022-first_quarter,2026-first_quarter
16896,"GREENBERG TRAURIG, LLP",59,23,2022-first_quarter,2026-first_quarter
401104475,"NEALE CREEK, LLC",59,7,2022-first_quarter,2026-first_quarter
400862528,SUSTAINABLE STRATEGIES DC,59,5,2022-first_quarter,2025-third_quarter
34295,"SANDLER, TRAVIS & ROSENBERG, P.A.",58,21,2022-first_quarter,2026-first_quarter
299913,CARDINAL INFRASTRUCTURE LLC,58,15,2022-first_quarter,2026-first_quarter
401103521,"GAVEL RESOURCES, LLC",58,4,2022-first_quarter,2025-third_quarter
401104718,HB STRATEGIES (FKA HUSCH BLACKWELL STRATEGIES),57,26,2022-fourth_quarter,2026-first_quarter
401103359,HANKA ADVISOR LLC,57,13,2022-first_quarter,2026-first_quarter
401106825,OCAL LOBBYING GROUP,57,9,2022-first_quarter,2025-third_quarter
401106069,LKB STRATEGIES LLC,56,7,2022-first_quarter,2024-first_quarter
8453,"CASSIDY & ASSOCIATES, INC.",55,23,2022-first_quarter,2026-first_quarter
400685041,PENN HILL GROUP,55,13,2022-first_quarter,2026-first_quarter
400658979,"ANNDYL POLICY GROUP, LLC",55,13,2022-first_quarter,2025-third_quarter
283696,"BECKER & POLIAKOFF, P.A.",54,25,2022-first_quarter,2026-first_quarter
24123,MAYER BROWN LLP,54,23,2022-first_quarter,2026-first_quarter
400712134,RULON & WHITE GOVERNANCE STRATEGIES,54,11,2022-first_quarter,2026-first_quarter
30212,"OLSSON, FRANK, WEEDA, TERMAN & MATZ, PC",53,11,2022-first_quarter,2026-first_quarter
401103471,MIKE WILLIAMS CAPITOL STRATEGIES LLC (F/K/A MW CAPITOL STRATEGIES LLC),53,9,2022-first_quarter,2026-first_quarter
401103489,CC LAW & POLICY,53,5,2022-first_quarter,2026-first_quarter
60550,STRATEGIC MARKETING INNOVATIONS,52,19,2022-first_quarter,2026-first_quarter
400877566,SMITS SPEIDELL CONSULTING,52,8,2022-first_quarter,2026-first_quarter
401103287,MCDERMOTT+ LLC,51,15,2022-first_quarter,2026-first_quarter
401107378,"PREST PUBLIC STRATEGIES, LLC",51,13,2023-first_quarter,2026-first_quarter
6303,"HUSCH BLACKWELL, LLP",51,8,2022-first_quarter,2026-first_quarter
322990,APPIAN,51,3,2022-first_quarter,2026-first_quarter
310370,DELTA STRATEGY GROUP,51,3,2022-first_quarter,2026-first_quarter
401104718,HB STRATEGIES,49,24,2025-first_quarter,2025-third_quarter
401053970,GRAYROBINSON PA,49,12,2022-first_quarter,2026-first_quarter
79951,"TRIANGLE ASSOCIATES, INC.",49,4,2022-first_quarter,2024-third_quarter
401107154,BRUMIDI GROUP,48,13,2022-fourth_quarter,2026-first_quarter
11377,CROWELL & MORING LLP,48,12,2022-first_quarter,2026-first_quarter
29846,NOSSAMAN LLP,48,10,2022-first_quarter,2026-first_quarter
21847,"KOGOVSEK & ASSOCIATES, INC.",48,6,2022-first_quarter,2025-fourth_quarter
34843,SENSE INCORPORATED,48,4,2022-first_quarter,2024-third_quarter
306636,"THE NORMANDY GROUP, LLC",47,9,2022-first_quarter,2026-first_quarter
401107860,MS. ANNA HANSEN,47,7,2023-fourth_quarter,2025-third_quarter
40726,PARAGON GOVERNMENT RELATIONS,47,5,2022-first_quarter,2025-third_quarter
12631,FAEGRE DRINKER BIDDLE & REATH LLP,46,20,2022-first_quarter,2026-first_quarter
400400892,"ATS COMMUNICATIONS, INC. (DBA SILBEY STRATEGIES)",46,10,2022-first_quarter,2026-first_quarter
36105,DENTONS US LLP,44,15,2022-first_quarter,2026-first_quarter
401103550,SUMMIT STRATEGIES GOVERNMENT AFFAIRS LLC,44,14,2022-first_quarter,2024-third_quarter
401108350,MICHAEL R. PAWLOWSKI,44,13,2024-first_quarter,2026-first_quarter
401105621,FOLGER SQUARE GROUP LLC,44,4,2022-first_quarter,2025-first_quarter
400774330,S-3 GROUP,43,9,2022-first_quarter,2026-first_quarter
401103255,TAYLOR STRATEGIES,43,3,2022-first_quarter,2025-third_quarter
72053,CAPITOL HILL CONSULTING GROUP,42,8,2022-first_quarter,2025-third_quarter
13461,"EMANUEL & ASSOCIATES, INC. (FKA ADAM EMANUEL)",42,5,2022-first_quarter,2026-first_quarter
401105970,"PYXIS PARTNERS, LLC",42,5,2022-fourth_quarter,2026-first_quarter
401107918,NET CENTRIC ALLIANCE LLC,41,10,2023-fourth_quarter,2025-third_quarter
401108656,ROJAS PUBLIC AFFAIRS,41,10,2024-fourth_quarter,2026-first_quarter
291914,"LAW OFFICES OF FREDERICK H. GRAEFE, PLLC",41,3,2022-first_quarter,2026-first_quarter
24624,WATKINSON MILLER PLLC,41,3,2022-first_quarter,2026-first_quarter
48394,"BROOKS, PIERCE, MCLENDON, HUMPHREY & LEONARD, L.L.P.",40,6,2022-first_quarter,2025-third_quarter
24338,MCDERMOTT WILL & SCHULTE LLP,40,5,2022-first_quarter,2026-first_quarter
84673,HART HEALTH STRATEGIES,40,5,2022-first_quarter,2026-first_quarter
401105064,KRISTIN HERRMANN,40,3,2022-first_quarter,2026-first_quarter
70175,"MERCURY PUBLIC AFFAIRS, LLC",39,17,2022-first_quarter,2026-first_quarter
401103486,"COMMONWEALTH STRATEGIC PARTNERS, LLC",39,9,2022-first_quarter,2024-third_quarter
400871553,"LAW OFFICES OF GEORGE HARRIS, LLC",39,8,2022-first_quarter,2025-third_quarter
400297400,KELLEN COMPANY,39,8,2022-first_quarter,2026-first_quarter
13610,"ENS RESOURCES, INC.",39,5,2022-first_quarter,2026-first_quarter
48691,MR. RICHARD INNES,39,3,2022-first_quarter,2026-first_quarter
48760,GENESIS GROUP LLC,39,3,2022-first_quarter,2025-third_quarter
2057,ACG ADVOCACY,38,16,2022-first_quarter,2026-first_quarter
33454,"ROBERTSON, MONAGLE & EASTAUGH LLC",38,10,2025-first_quarter,2025-third_quarter
30792,"PARRY, ROMANI, DECONCINI & SYMMS",38,5,2022-first_quarter,2025-third_quarter
400388803,"JMH GROUP, FORMERLY JAMIAN MCELROY & HAMLIN, LLC",38,4,2022-first_quarter,2026-first_quarter
401105377,"TARAS, LLC",38,4,2022-first_quarter,2026-first_quarter
401103117,"B3 STRATEGIES, LLC",38,3,2022-first_quarter,2026-first_quarter
21632,KING & SPALDING LLP,37,15,2022-first_quarter,2025-fourth_quarter
53174,"CAPITOL RESOURCES, LLC",37,14,2022-first_quarter,2026-first_quarter
400454181,MR. MARK REY,37,10,2025-first_quarter,2025-third_quarter
400507495,SPIRIT ROCK CONSULTING,37,7,2022-first_quarter,2026-first_quarter
293233,MR. MARK KOPEC,37,7,2022-first_quarter,2026-first_quarter
40006051,"JBS COMMUNICATIONS, LLC",37,4,2022-first_quarter,2026-first_quarter
65191,VENN STRATEGIES,36,32,2022-first_quarter,2026-first_quarter
401106938,TELEGRAPH AVENUE ADVISORS,36,12,2023-first_quarter,2026-first_quarter
285871,NELSON MULLINS RILEY & SCARBOROUGH,36,11,2022-first_quarter,2026-first_quarter
401105994,JON THOMAS CONSULTING,36,11,2022-first_quarter,2024-second_quarter
17443,HANCE SCARBOROUGH,36,10,2022-first_quarter,2026-first_quarter
818,ALCALDE & FAY,36,8,2022-first_quarter,2026-first_quarter
401105350,SR PARTNERS LLC (FKA SKOG RASMUSSEN LLC),36,7,2022-first_quarter,2026-first_quarter
