payee_name,honoree_name,n_contributions,total_amount,distinct_filings,distinct_contributors
NRSC,NRSC,1774,10960049.190000001,1106,229
DSCC,DSCC,1499,10369739.13,1104,216
SENATE MAJORITY PAC,Senate Majority PAC,41,9297873.24,27,6
DCCC,DCCC,1191,8754405.0,935,213
NRCC,NRCC,1406,8753734.15,837,204
HOUSE MAJORITY PAC,House Majority PAC,42,7670450.0,30,9
DEMOCRATIC SENATORIAL CAMPAIGN COMMITTEE,Democratic Senatorial Campaign Committee,803,6948072.92,632,132
"TRUMP VANCE INAUGURAL COMMITTEE, INC.","Trump Vance Inaugural Committee, Inc.",11,6900000.0,11,1
NATIONAL REPUBLICAN SENATORIAL COMMITTEE,National Republican Senatorial Committee,1360,6837406.85,760,136
SENATE MAJORITY PAC,SENATE MAJORITY PAC,21,5310250.0,8,4
THE RONALD REAGAN PRESIDENTIAL FOUNDATION AND INSTITUTE,The Ronald Reagan Presidential Foundation and Institute,15,5160000.0,10,1
CONGRESSIONAL BLACK CAUCUS FOUNDATION,Congressional Black Caucus Foundation,61,5147850.0,53,1
"TRUMP VANCE INAUGURAL COMMITTEE, INC. (BY AFFILIATED ORG PILGRIM'S PRIDE CORP.)",Donald Trump and J.D. Vance,1,5000000.0,1,1
THE BARAK OBAMA FOUNDATION,President Barak Obama,1,5000000.0,1,1
TRUMP VANCE INAUGURAL COMMITTEE,Trump Vance Inaugural Committee,7,4600000.0,7,1
NATIONAL REPUBLICAN CONGRESSIONAL COMMITTEE,National Republican Congressional Committee,689,4582629.33,445,122
DEMOCRATIC CONGRESSIONAL CAMPAIGN COMMITTEE,Democratic Congressional Campaign Committee,508,4198759.0,430,106
FF PAC,FF PAC,6,4150000.0,5,3
CONGRESSIONAL HISPANIC CAUCUS INSTITUTE,Members of the Congressional Hispanic Caucus,17,4045000.0,15,1
IN UNION USA,IN UNION USA,8,4030000.0,7,3
FOR OUR FUTURE,FOR OUR FUTURE,4,4000000.0,3,1
HOUSE MAJORITY PAC,HOUSE MAJORITY PAC,18,3960000.0,11,5
CONGRESSIONAL HISPANIC CAUCUS INSTITUTE,Congressional Hispanic Caucus Institute,65,3365000.0,51,1
THE BARACK OBAMA FOUNDATION,"Support of the My Brother's Keeper Alliance, a program of the Obama Foundation",1,3000000.0,1,1
"TRUMP VANCE INAUGURAL COMMITTEE, INC.",President-Elect Donald J. Trump and Vice President-Elect JD Vance,2,3000000.0,2,1
SPEAK UP PAC,SPEAK UP PAC,1,3000000.0,1,1
THE BARACK OBAMA FOUNDATION,"Support of the My BrotherEs Keeper Alliance, a program of the Obama Foundation",1,3000000.0,1,1
SENATE MAJORITY PAC (SMP),N/A,5,3000000.0,3,1
"TRUMP VANCE INAUGURAL COMMITTEE, INC.",President Donald J. Trump,3,2888893.52,3,1
HABITAT FOR HUMANITY INTERNATIONAL INC,Rep. Virginia Foxx,1,2650000.0,1,1
REPUBLICAN NATIONAL COMMITTEE,Republican National Committee,147,2616014.66,115,42
NEW DEMOCRAT COALITION ACTION FUND,New Democrat Coalition Action Fund,576,2521900.0,550,226
U.S. LIBRARY OF CONGRESS,Donation for the construction of the Capitol Visitor Center tunnel in the Thomas Jefferson Building (Congressional Crossroads).,1,2500000.0,1,1
TRUST FOR THE NATIONAL MALL,White House Ballroom Project,1,2500000.0,1,1
CONGRESSIONAL BLACK CAUCUS PAC,Congressional Black Caucus PAC,655,2426594.8800000004,571,213
SMP,SMP,6,2365000.0,5,4
"TRUMP VANCE INAUGURAL COMMITTEE, INC.",Donald J. Trump and JD Vance,4,2250000.0,4,1
HOUSE MAJORITY PAC (HMP),N/A,6,2100000.0,3,1
HOUSE MAJORITY PAC,House Democratic Candidates and Members,3,2025000.0,2,2
CONGRESSIONAL BLACK CAUCUS FOUNDATION INC.,Members of the Congressional Black Caucus,6,2015000.0,3,1
"TRUMP VANCE INAUGURAL COMMITTEE, INC",Donald J. Trump,2,2000000.0,2,1
TRUMP VANCE INAUGURAL COMMITTEE,"Donald J. Trump, JD Vance",2,2000000.0,2,1
"TRUMP VANCE INAUGURAL COMMITTEE, INC.","President Donald Trump, Vice President J.D. Vance",3,2000000.0,3,1
CONGRESSIONAL BLACK CAUCUS PAC - MARCUS SERVES ON THE BOARD,House Majority PAC,4,2000000.0,2,1
"TRUMP VANCE INAUGURAL COMMITTEE, INC.",President Donald J. Trump and Vice President J.D. Vance,2,2000000.0,2,1
"TRUMP VANCE INAUGURAL COMMITTEE, INC.",President Donald Trump; Vice-President JD Vance,1,2000000.0,1,1
CHC BOLD PAC,CHC BOLD PAC,439,1866293.65,412,175
DCCC,Dem Cong Camp Cmte(DCCC)-Federal Acct,107,1839500.0,85,31
EQUALITY PAC,Equality PAC,591,1780615.0,542,148
STRATEGIC VICTORY FUND IE PAC,STRATEGIC VICTORY FUND IE PAC,1,1750000.0,1,1
MCCONNELL CENTER,Senator Mitch McConnell,9,1727549.17,9,1
DSCC,Dem Sen Camp Cmte(DSCC)-Federal Acct,102,1715500.0,85,32
UNITED WE CAN,UNITED WE CAN,1,1700000.0,1,1
VARIOUS VENDORS,"Mitt Romney received an honorary degree. the amount reflects the total cost of multiple events for the 2024 commencement ( food, production, security, parking, programs, etc.)",1,1698810.06,1,1
VARIOUS VENDORS,Congressman,2,1647118.8,2,1
CONGRESSIONAL BLACK CAUCUS FOUNDATION,Members of the Congressional Black Caucus,28,1640338.0,21,1
NRCC (BUILDING FUND),NRCC (Building Fund),76,1594500.0,69,34
HMP,HMP,14,1567600.0,10,5
DEMOCRATIC NATIONAL COMMITTEE,Democratic National Committee,241,1551931.7,172,20
CATHY MCMORRIS RODGERS FOR CONGRESS,Rep. Cathy McMorris Rodgers,639,1548700.0,540,252
BLUE DOG POLITICAL ACTION COMMITTEE,Blue Dog Political Action Committee,339,1511000.0,326,155
JEFFRIES FOR CONGRESS,Hakeem Jeffries,540,1506391.77,466,140
TRUMP VANCE INAUGURAL COMMITTEE,President Donald Trump and Vice President J.D. Vance,2,1500000.0,2,1
TRUMP VANCE INAUGURAL COMMITTEE,President Donald Trump and Vice President JD Vance,3,1500000.0,2,1
STRATEGIC VICTORY FUND,Strategic Victory Fund,1,1500000.0,1,1
GUTHRIE FOR CONGRESS,Rep. Brett Guthrie,646,1491590.6600000001,544,243
JASON SMITH FOR CONGRESS,Jason Smith,638,1445625.0,550,190
DNC SERVICES CORPORATION/DEMC NATIONAL CMTE,Dem National Cmte(DNC)-Federal Acct,36,1425000.0,13,5
JASON SMITH FOR CONGRESS,Rep. Jason Smith,569,1420595.0,495,213
NRSC,Natl Rep Sen Cmte(NRSC)-Federal Acct,97,1379000.0,90,39
NRSC (BUILDING FUND),NRSC (Building Fund),76,1371000.0,66,32
VARIOUS VENDORS ASSOCIATED WITH THE WINTER COMMENCEMENT CEREMONY.,"Honorary degree in public service given to Senator Rob Portman (OH). Approximately 25,000 people attended the public ceremony, including approx. 10,000 students who received their degree in person.",2,1357317.44,2,1
"CONGRESSIONAL BLACK CAUCUS FOUNDATION, INC.","Congressional Black Caucus Foundation, Inc.",11,1250000.0,10,1
SMP,None,10,1202000.0,5,1
MODERATE DEMOCRATS PAC,Moderate Democrats PAC,278,1180700.0,272,111
EMMER FOR CONGRESS,Tom Emmer,473,1165562.79,418,155
MIKE JOHNSON FOR LOUISIANA,Rep. Mike Johnson,349,1161250.0,286,139
THE JOHN F. KENNEDY CENTER FOR THE PERFORMING ARTS,"President Donald J. Trump, Chairman; Richard Grenell, President, The John F. Kennedy Center for the Performing Arts and Presidential Envoy Special Missions The White House; Pamela Bondi, Attorney General, U.S. Department of Justice; Sergio Gor, Ambassdor, New Delhi, India, U.S. Department of State; Susie Wiles, Chief of Staff, The White House; and Dan Scavino, Deputy Chief of Staff, The White House",2,1150000.0,1,1
FF PAC,None,5,1150000.0,2,1
BIDEN VICTORY FUND,Biden Victory Fund,39,1143582.9,28,6
NRCC,Natl Rep Cong Cmte(NRCC)-Federal Acct,81,1142500.0,73,28
PETE AGUILAR FOR CONGRESS,Pete Aguilar,609,1142093.6099999999,517,150
GUTHRIE FOR CONGRESS,Brett Guthrie,538,1139651.15,464,163
KATHERINE CLARK FOR CONGRESS,Katherine Clark,517,1120556.76,461,142
DEMOCRATIC SENATORIAL CAMPAIGN COMMITTEE,DEMOCRATIC SENATORIAL CAMPAIGN COMMITTEE,54,1112500.0,47,17
VARIOUS VENDORS,"Samantha Power received an honorary degree. The amount reflects the total cost of multiple events for the 2022 commencement (food, production, security, parking, programs, etc.)",1,1098642.0,1,1
DCCC (BUILDING FUND),DCCC (Building Fund),83,1081000.0,61,28
VARIOUS VENDORS ASSOCIATED WITH RUTGERS UNIVERSITY-NEW BRUNSWICK AND RUTGERS BIO,"Dr. Alondra Nelson, Acting Director of the White House OSTP, was one of four honorary degree recipients. Approximately 20,000 people attended including 4,000 graduates and 16,000 guests.",1,1075470.32,1,1
DSCC (BUILDING FUND),DSCC (Building Fund),74,1071000.0,57,23
DSCC,Democratic Senatorial Campaign Committee,158,1060763.0,145,27
SCALISE LEADERSHIP FUND,Steve Scalise,353,1058070.21,265,47
"TRUMP VANCE INAUGURAL COMMITTEE, INC.",President Donald J. Trump and Vice President JD Vance,3,1055000.0,3,1
CAREY FOR CONGRESS,Rep. Mike Carey,645,1051600.0,535,191
"TRUMP VANCE INAUGURAL COMMITTEE, INC.",President Donald Trump and Vice President J.D. Vance,2,1050000.0,2,1
NRSC,National Republican Senatorial Committee,188,1045796.06,130,29
PETE AGUILAR FOR CONGRESS,Rep. Pete Aguilar,533,1038482.75,451,165
THE CONGRESSIONAL BLACK CAUCUS FOUNDATION INC.,Members of the Congressional Black Caucus,4,1035000.0,1,1
JOHN F. KENNEDY CENTER FOR THE PERFORMING ARTS,"Trump, Donald; Bondi, Pamela; Wiles, Susie; Scavino, Dan; Grenell, Richard; Gor, Sergio",5,1004000.0,3,1
"TRUMP VANCE INAUGURAL COMMITTEE, INC.","President Donald Trump, Vice President JD Vance",1,1000000.0,1,1
"TRUMP VANCE INAUGURAL COMMITTEE, INC.",Donald Trump/ J.D. Vance,1,1000000.0,1,1
TRUMP-VANCE INAUGURAL COMMITTEE INC,Trump-Vance Inaugural Committe Inc,1,1000000.0,1,1
"TRUMP VANCE INAUGURAL COMMITTEE, INC",Donald J Trump and JD Vance,1,1000000.0,1,1
TRUMP VANCE INAUGURAL COMMITTEE,"President Trump, Vice President Vance",1,1000000.0,1,1
"TRUMP VANCE INAUGURAL COMMITTEE, INC.",President Donald J. Trump: Honored,1,1000000.0,1,1
TRUMP VANCE INAUGURAL COMMITTEE,Donald Trump / J.D. Vance,1,1000000.0,1,1
SMITHSONIAN INSTITUTION,"Founding donor and sponsor of the design, development, and opening of the Smithsonian National Museum of American Latino. Entity controlled by covered officials. Multiple MOCs on Board of Regents.",1,1000000.0,1,1
TRUMP VANCE INAUGURAL COMMITTEE INC.,Trump Vance Inaugural Committee Inc,1,1000000.0,1,1
"TRUMP VANCE INAUGURAL COMMITTEE, INC.","Trump, Donald; Vance, JD",2,1000000.0,2,1
"TRUMP VANCE INAUGURAL COMMITTEE, INC.",President Donald J. Trump Vice President JD Vance,1,1000000.0,1,1
TRUMP-VANCE INAUGURAL COMMITTEE,"Donald Trump, JD Vance",1,1000000.0,1,1
SMITHSONIAN INSTITUTION,"Founding donor and sponsor of the design, development, and opening of the Smithsonian American Women's History Museum. Entity controlled by covered officials. Multiple MOCs on Board of Regents.",1,1000000.0,1,1
REPUBLICAN PARTY OF KENTUCKY,Mitch McConnell,1,1000000.0,1,1
"TRUMP VANCE INAUGURAL COMMITTEE, INC.",Donald Trump,1,1000000.0,1,1
PRESIDENTIAL INAUGURAL COMMITTEE,President Donald Trump and Vice President JD Vance,1,1000000.0,1,1
"TRUMP VANCE INAUGURAL COMMITTEE, INC","Trump Vance Inaugural Committee, Inc",2,1000000.0,1,1
TRUMP VANCE INAUGURAL COMMITTEE,President-elect Trump and VP-elect Vance,1,1000000.0,1,1
DONALD TRUMP PRESIDENTIAL INAUGURAL COMMITTEE,President Donald Trump,1,1000000.0,1,1
"TRUMP VANCE INAUGURAL COMMITTEE, INC. 2025","Trump Vance Inaugural Committee, Inc. 2025",1,1000000.0,1,1
TRUMP VANCE INAUGURAL COMMITTEE INC,"President Donald Trump, Vice President JD Vance",1,1000000.0,1,1
TRUMP VANCE INAUGURAL COMMITTEE,President Donald Trump,1,1000000.0,1,1
TRUMP VANCE INAUGURAL COMMITTEE INC.,President-Elect Donald J. Trump and Vice President-Elect JD Vance,1,1000000.0,1,1
"TRUMP VANCE INAUGURAL COMMITTEE, INC.",Donald Trump; JD Vance,1,1000000.0,1,1
"TRUMP VANCE INAUGURAL COMMITTEE, INC.",Donald Trump and James David Vance,2,1000000.0,2,1
TRUMP VANCE INAUGURAL COMMITTEE INC,"Trump, Donald",1,1000000.0,1,1
JEFFRIES FOR CONGRESS,Rep. Hakeem Jeffries,348,999860.0,319,151
MONTANANS FOR TESTER,Sen. Jon Tester,447,999275.0,363,157
KATHERINE CLARK FOR CONGRESS,Rep. Katherine Clark,435,983755.0,388,164
GARBARINO FOR CONGRESS,Andrew Garbarino,509,956400.0,415,140
ASIAN PACIFIC AMERICAN INSTITUTE FOR CONGRESSIONAL STUDIES,Members of the Congressional Asian Pacific American Caucus,4,950000.0,4,1
FRIENDS OF SHERROD BROWN,Sherrod Brown,482,947896.6900000001,422,121
MCCARTHY VICTORY FUND,Kevin McCarthy,182,940750.0,152,42
JOHNSON LEADERSHIP FUND,Mike Johnson,170,937219.5199999999,147,49
DCCC,Democratic Congressional Campaign Committee,136,933789.0,119,19
REPUBLICAN GOVERNANCE GROUP/TUESDAY GROUP PAC,Republican Governance Group/Tuesday Group PAC,216,929000.0,207,91
ASHLEY HINSON FOR CONGRESS,Rep. Ashley Hinson,489,926362.0,416,144
CATHY MCMORRIS RODGERS FOR CONGRESS,Cathy McMorris Rodgers,439,917695.0,380,163
LAHOOD FOR CONGRESS,Rep. Darin LaHood,461,909453.0,404,170
BRIAN FITZPATRICK FOR ALL OF US,Brian Fitzpatrick,437,904441.02,364,136
PALLONE FOR CONGRESS,Frank Pallone,420,890615.0,377,117
HEARTLAND VALUES PAC,John Thune,268,889000.0,257,91
WOMEN VOTE!,None,9,888000.0,7,1
FEENSTRA FOR CONGRESS,Rep. Randy Feenstra,474,886030.0,406,152
JASON SMITH FOR CONGRESS,Rep. Jason Thomas Smith,341,883000.0,274,117
COLE FOR CONGRESS,Tom Cole,482,875950.0,419,124
VARIOUS VENDORS ASSOCIATED WITH UNIVERSITY OF DELAWARE'S COMMENCEMENT CEREMONY.,"President Joseph R. Biden delivered the commencement address and received a Medal of Distinction. More than 20,000 people, including 4,000 graduates, attended the ceremony.",1,872318.74,1,1
MONTANANS FOR TESTER,Jon Tester,448,870214.3900000001,383,134
HEARTLAND VALUES PAC,Sen. John Thune,286,870041.98,267,122
RON ESTES FOR CONGRESS,Rep. Ron Estes,453,862800.0,386,136
BALDERSON FOR CONGRESS,Rep. Troy Balderson,451,862650.0,394,149
NRCC (RECOUNT AND LEGAL FUND),NRCC (Recount and Legal Fund),27,862500.0,26,13
LAHOOD FOR CONGRESS,Darin LaHood,417,861660.04,364,119
TERRI SEWELL FOR CONGRESS,Rep. Terri Sewell,473,861405.0,405,176
VALADAO FOR CONGRESS,David Valadao,476,855571.62,396,108
FRIENDS OF JOHN THUNE,John Thune,354,853825.0,305,153
HUDSON FOR CONGRESS,Richard Hudson,408,848700.0,357,121
NEVADANS FOR STEVEN HORSFORD,Steven Horsford,480,843055.54,417,148
SCALISE FOR CONGRESS,Rep. Stephen Joseph Scalise,239,835500.0,208,94
MARTIN HEINRICH FOR SENATE,Martin Heinrich,548,833440.85,460,114
JOSH GOTTHEIMER FOR CONGRESS,Josh Gottheimer,392,831357.11,351,124
VARIOUS VENDORS,Congressman James E. Clyburn,1,823559.4,1,1
MCCARTHY VICTORY FUND,McCarthy Victory Fund,89,822692.5,71,27
MARTIN HEINRICH FOR SENATE,Sen. Martin Heinrich,471,818953.53,393,142
SCALISE FOR CONGRESS,Steve Scalise,233,814680.0,207,96
FRIENDS OF JOHN BARRASSO,John Barrasso,360,807533.23,304,112
TERRI SEWELL FOR CONGRESS,Terri Sewell,432,805460.0,374,125
SCALISE FOR CONGRESS,Rep. Steve Scalise,247,803020.0,212,128
SMITHSONIAN INSTITUTION-OSP/SMITHSONIAN SCIENCE EDUCATION CENTER (SSEC),"Board of Regents Includes: Chief Justice John Roberts Jr., Vice President Kamala Harris, Sen. John Boozman, Sen. Catherine Cortez Masto, Sen. Gary Peters, Rep. Garret Graves, Rep. Doris Matsui, Rep. A",1,800000.0,1,1
DEMOCRATIC CONGRESSIONAL CAMPAIGN COMMITTEE,DEMOCRATIC CONGRESSIONAL CAMPAIGN COMMITTEE,58,799250.0,48,20
BUILDING BRIDGES PAC,Building Bridges PAC,206,797150.0,183,83
JASON SMITH FOR CONGRESS,Rep Jason Smith,288,796250.0,229,87
CONGRESSIONAL BLACK CAUCUS INSTITUTE,Congressional Black Caucus Institute,16,795000.0,13,1
VARIOUS VENDORS,House Democratic Whip Katherine Clark,1,785462.96,1,1
RICHARD E NEAL FOR CONGRESS COMMITTEE,Rep. Richard Edmund Neal,300,783000.0,243,96
CITIZENS TO ELECT RICK LARSEN,Rep. Rick Larsen,376,780000.0,313,116
HMP,None,9,773919.85,2,1
JULIA LETLOW FOR CONGRESS,Rep. Julia Letlow,469,769700.0,394,129
EMMER FOR CONGRESS,"Rep. Thomas Earl Emmer, Jr.",287,766640.0,235,105
BEATTY FOR CONGRESS,Rep. Joyce Beatty,399,763350.0,334,123
FRENCH HILL FOR ARKANSAS,French Hill,330,757974.74,290,89
CITIZENS TO ELECT RICK LARSEN,Rick Larsen,351,757410.0,303,92
CARE IN ACTION PAC,CARE IN ACTION PAC,1,750000.0,1,1
"TRUMP VANCE INAUGURAL COMMITTEE, INC.","TRUMP VANCE INAUGURAL COMMITTEE, INC.",1,750000.0,1,1
UNITED STATES HOLOCAUST MEMORIAL MUSEUM,"Sen. Jacky Rosen, Sen. Bernie Sanders, Sen. Tim Scott, Rep. Don Bacon, Rep. Lois Frankel, Rep. David Kustof, Rep. Max Miller, Rep. Brad Schneider, and appointed US Holocaust Memorial Council Members.",1,750000.0,1,1
GEORGE W. BUSH FOUNDATION,President George W. Bush,6,750000.0,3,1
HOUSE MAJORITY PAC,Houes Majority PAC,1,750000.0,1,1
JIMMY PANETTA FOR CONGRESS,Rep. Jimmy Panetta,422,745850.0,365,165
CONGRESSIONAL HISPANIC LEADERSHIP INSTITUTE,Congressional Hispanic Leadership Institute,29,745000.0,26,2
UNIDOSUS,Rep Emmanuel Cleave; Rep Sharice Davids; Rep Delia Ramirez,1,745000.0,1,1
MCCONNELL CHAO ARCHIVES,Senator Mitch McConnell,7,743402.3400000001,7,1
ELECT DEMOCRATIC WOMEN,Elect Democratic Women,268,742114.5700000001,233,74
BRIAN FITZPATRICK FOR ALL OF US,Rep. Brian Fitzpatrick,378,740970.51,332,143
NRSC (RECOUNT AND LEGAL FUND),NRSC (Recount and Legal Fund),27,737500.0,24,13
ADRIAN SMITH FOR CONGRESS,Adrian Smith,410,729950.0,373,127
THOM TILLIS COMMITTEE,Sen. Thom Tillis,292,725853.3200000001,230,127
BLAKE MOORE FOR CONGRESS,Rep. Blake Moore,392,722453.6900000001,325,132
JAY OBERNOLTE FOR CONGRESS,Rep. Jay Obernolte,436,721948.02,379,139
PALLONE FOR CONGRESS,"Rep. Frank Pallone, Jr.",263,720100.0,229,94
CAREY FOR CONGRESS,Mike Carey,470,714348.54,388,120
MULTIPLE VENDORS.,"U.S. Senator Cory Booker received the ""Distinguished Civil Rights Advocate"" award at the Lawyers' Committee for Civil Rights Under Law's annual fundraising gala (Higginbotham gala).",1,711690.73,1,1
BLAKE MOORE FOR CONGRESS,Blake Moore,428,710575.26,353,116
GARBARINO FOR CONGRESS,Rep. Andrew Garbarino,398,708600.0,327,137
DR. RAUL RUIZ FOR CONGRESS,Rep. Raul Ruiz,326,708050.0,282,114
NRCC,National Republican Congressional Committee,183,707354.1,100,24
"CONGRESSIONAL BLACK CAUCUS FOUNDATION, INC.",Members of the Congressional Black Caucus,6,705985.0,6,1
YOUNG KIM FOR CONGRESS,Young Kim,356,703650.0,303,97
HEARTLAND VALUES PAC,Sen. John Randolph Thune,184,700500.0,172,81
JIMMY PANETTA FOR CONGRESS,Jimmy Panetta,420,697812.48,378,124
ANGIE CRAIG FOR CONGRESS,Angie Craig,409,697622.31,348,107
ROSEN FOR NEVADA,Sen. Jacky Rosen,335,695785.77,275,134
GUTHRIE FOR CONGRESS,Rep. S. Brett Guthrie,297,692500.0,230,96
DELBENE FOR CONGRESS,Rep. Suzan DelBene,394,692060.0,329,150
SCOTT PETERS FOR CONGRESS,Rep. Scott Peters,327,691875.0,294,120
CLAUDIA TENNEY FOR CONGRESS,Rep. Claudia Tenney,407,687620.03,340,129
CHC BOLD PAC,CHC Bold PAC,180,681978.98,168,81
DR JOHN JOYCE FOR CONGRESS,Rep. John Joyce,326,681250.0,278,103
DCCC,None,23,677310.0,14,2
HERN FOR CONGRESS,Rep. Kevin Hern,335,675205.08,301,128
MIKE JOHNSON FOR LOUISIANA,Mike Johnson,217,674666.66,182,76
PALLONE FOR CONGRESS,Rep. Frank Pallone,307,674050.0,283,99
WICKER FOR SENATE,Roger Wicker,404,673700.0,359,111
REPUBLICAN MAINSTREET PARTNERSHIP PAC,Republican Mainstreet Partnership PAC,156,672500.0,143,79
NIKKI FOR CONGRESS,Nikki Budzinski,380,671536.9800000001,337,89
MIKE THOMPSON FOR CONGRESS,Rep. Mike Thompson,311,670808.0700000001,258,129
SCOTT PETERS FOR CONGRESS,Scott Peters,387,666568.53,340,113
DSCC,None,23,665710.0,14,2
YOUNG KIM FOR CONGRESS,Rep. Young Kim,295,661870.51,269,117
PETE AGUILAR FOR CONGRESS,Rep. Peter Ray Aguilar,293,661000.0,221,93
TAMMY BALDWIN FOR SENATE,Tammy Baldwin,361,659425.33,319,102
HUDSON FOR CONGRESS,Rep. Richard Hudson,316,655350.0,291,90
DARREN SOTO FOR CONGRESS,Darren Soto,350,654300.0,304,101
ALAMO PAC,"Sen. John Cornyn, III",184,653500.0,173,73
HUIZENGA FOR CONGRESS,Bill Huizenga,295,653421.0,239,77
BLUEGRASS COMMITTEE,Sen. Mitch McConnell,171,648750.0,163,86
LAHOOD FOR CONGRESS,Rep. Darin M. LaHood,271,648000.0,227,94
HERN FOR CONGRESS,Kevin Hern,399,646800.3200000001,320,101
GRAVES FOR CONGRESS,Sam Graves,286,644850.0,247,91
VERN BUCHANAN FOR CONGRESS,Rep. Vernon Gale Buchanan,265,644750.0,219,96
COLE FOR CONGRESS,Rep. Tom Cole,326,639750.0,278,108
VERN BUCHANAN FOR CONGRESS,Rep. Vern Buchanan,297,634803.0,269,119
NEVADANS FOR STEVEN HORSFORD,Rep. Steven Alexzander Horsford,328,633816.9299999999,263,93
ANN WAGNER FOR CONGRESS,Ann Wagner,324,633300.0,266,85
FRIENDS OF MARK WARNER,Sen. Mark Warner,340,633061.0,277,142
MCHENRY FOR CONGRESS,Rep. Patrick Timothy McHenry,199,633050.0,169,91
KAPTUR FOR CONGRESS,Marcy Kaptur,323,632926.0599999999,284,76
JOHNSON LEADERSHIP FUND,Johnson Leadership Fund,51,628750.0,47,29
HOYER FOR CONGRESS,Steny Hoyer,233,625985.0,220,88
GALLEGO FOR ARIZONA,Ruben Gallego,334,624398.4199999999,287,79
VARIOUS UNIVERSITY DEPARTMENTS & VENDORS PROVIDING AUDIO;VIDEO;CHAIRS;LIGHTING,"Commencement Ceremony including Honorary Doctor of Laws Degree Recipient Amy Gutmann, US Ambassador to the Federal Rep of Germany; degree; dinner; lunch; travel & hotel; approx. 10,000 people attended",1,624008.0,1,1
FRENCH HILL FOR ARKANSAS,Rep. French Hill,264,623450.0,224,98
FRIENDS OF DAVID SCHWEIKERT,Rep. David Schweikert,370,623350.0,314,117
NICOLE FOR NEW YORK,Rep. Nicole Malliotakis,345,623100.0,298,126
HUIZENGA FOR CONGRESS,Rep. Bill Huizenga,247,620175.0,203,87
NEVADANS FOR STEVEN HORSFORD,Rep. Steven Horsford,396,619005.77,336,151
"CONGRESSIONAL HISPANIC CAUCUS INSTITUTE, INC",Congressional Hispanic Caucus Members,11,617969.48,5,1
DON DAVIS FOR NC,Don Davis,303,616850.0,262,96
PETE RICKETTS FOR SENATE,Pete Ricketts,290,614008.8,246,85
HALEY STEVENS FOR CONGRESS,Haley Stevens,355,610116.49,311,83
ASIAN PACIFIC AMERICAN INSTITUTE FOR CONGRESSIONAL STUDIES,Rep. Judy Chu,12,610000.0,11,1
DON BACON FOR CONGRESS,Don Bacon,312,608276.37,265,76
FRIENDS OF MARK WARNER,Mark Warner,385,607608.0,309,112
MIKE THOMPSON FOR CONGRESS,Mike Thompson,290,606778.0,255,95
RICHARD E NEAL FOR CONGRESS COMMITTEE,Rep. Richard Neal,230,605500.0,199,123
BILL FOSTER FOR CONGRESS,Rep. Bill Foster,341,605000.0,282,101
CASA IN ACTION PAC,CASA IN ACTION PAC,8,605000.0,4,2
BIDEN VICTORY FUND,Joe Biden,66,604222.79,53,6
RICHARD E NEAL FOR CONGRESS COMMITTEE,Richard Neal,223,603900.0,192,83
KEVIN MCCARTHY FOR CONGRESS,Rep. Kevin Owen McCarthy,143,603500.0,119,74
ASHLEY HINSON FOR CONGRESS,Ashley Hinson,353,601135.76,316,94
CONGRESSIONAL BLACK CAUCUS PAC - MARCUS SERVES ON THE BOARD,Senate Majority PAC,2,600000.0,2,1
DNC SERVICES CORP./DEM. NAT'L COMMITTEE,None,24,600000.0,5,1
CONGRESSIONAL BLACK CAUCUS FOUNDATION,"Rep. Terri Sewell, Rep. Joyce Beatty, Rep. Troy Carter, Rep. Glenn Ivey, Rep. Robin Kelly, Rep. Lucy McBath, Rep. Stacey E. Plaskett, Rep. Frederica S. Wilson",3,600000.0,3,1
SMITHSONIAN INSTITUTION-OSP/SMITHSONIAN SCIENCE EDUCATION CENTER (SSEC),"Board of Regents: Chief Justice John Roberts Jr., Vice President Kamala Harris, Sen. John Boozman, Sen. Catherine Cortez Masto, Sen. Gary Peters, Rep. Garret Graves, Rep. Doris Matsui, Rep. A",1,600000.0,1,1
THE RONALD REAGAN FOUNDATION AND INSTITUTE,Ronald Reagan,2,600000.0,2,1
WFP NATIONAL PAC NON-CONTRIBUTION,WFP NATIONAL PAC NON-CONTRIBUTION,10,600000.0,2,1
SOMOS PAC,SOMOS PAC,2,600000.0,1,1
SCHNEIDER FOR CONGRESS,Brad Schneider,320,599000.0,283,104
WESTERMAN FOR CONGRESS,Bruce Westerman,348,598200.0,302,94
HUDSON FOR CONGRESS,"Rep. Richard Lane Hudson, Jr.",232,597500.0,200,88
TERRI SEWELL FOR CONGRESS,Rep. Terrycina Andrea Sewell,309,597500.0,239,99
ROSEN FOR NEVADA,Jacky Rosen,339,595396.19,284,93
GUTHRIE FOR CONGRESS,Rep Brett Guthrie,217,595100.0,185,82
"VARIOUS VENDORS FOR OUR GALA INC. THE VENUE, CATERING, AUDIO VISUAL & STAGING.","At our annual fundraising gala, Rep. Hakeem Jeffries was honored. Other honorees were Arian Simone of the Fearless Fund, & clients Ruthie Walls, Colton Gilbert, Giselle Davis, Sadie Bell Reynolds.",1,594429.0,1,1
AMERICAN REVIVAL PAC,Rep. Mike Johnson,137,592500.0,135,77
JEFFRIES FOR CONGRESS,Rep. Hakeem S. Jeffries,212,592250.0,171,78
GUY FOR CONGRESS,Rep. Guy Reschenthaler,287,592000.0,253,96
FRIENDS FOR GREGORY MEEKS,Gregory Meeks,285,591050.0,241,86
PETE RICKETTS FOR SENATE,Sen. Pete Ricketts,254,590866.6799999999,217,102
IOWANS FOR ZACH NUNN,Rep. Zach Nunn,327,589700.0,274,111
FUTURE FORUM PAC,Future Forum PAC,230,589129.45,173,58
KATHERINE CLARK FOR CONGRESS,Rep. Katherine M. Clark,236,586500.0,192,82
"CONGRESSIONAL HISPANIC CAUCUS INSTITUTE, INC.",Members of the Congressional Hispanic Caucus,6,583500.0,5,1
MULLIN FOR AMERICA,Sen. Markwayne Mullin,266,583492.0,236,124
DELBENE FOR CONGRESS,Suzan DelBene,293,582800.0,257,97
MIKE FLOOD FOR CONGRESS,Mike Flood,291,582406.1799999999,235,80
MILLER-MEEKS FOR CONGRESS,Mariannette Miller-Meeks,318,581550.0,272,104
EMMER FOR CONGRESS,Rep Tom Emmer Jr,201,581200.0,165,64
REPUBLICAN GOVERNORS ASSOCIATION,Republican Governors Association,16,580432.89,14,6
ANGIE CRAIG FOR CONGRESS,Rep. Angie Craig,349,578070.8200000001,305,112
VICENTE GONZALEZ FOR CONGRESS,Rep. Vicente Gonzalez,288,576317.24,238,98
DONALD NORCROSS FOR CONGRESS,Donald Norcross,254,576236.48,227,62
THE CONGRESSIONAL HISPANIC CAUCUS INSTITUTE,Members of the Congressional Hispanic Caucus,2,575000.0,2,1
POWER TO THE POLLS FEDERAL FUND,POWER TO THE POLLS FEDERAL FUND,3,575000.0,2,1
KEN CALVERT FOR CONGRESS COMMITTEE,Ken Calvert,329,574250.0,260,55
STRICKLAND FOR WASHINGTON,Rep. Marilyn Strickland,338,572978.5900000001,279,103
CASTEN FOR CONGRESS,Rep. Sean Casten,308,571050.0,266,92
KEVIN MCCARTHY FOR CONGRESS,Kevin McCarthy,193,571000.0,155,72
FRIENDS OF GLENN THOMPSON,Glenn Thompson,259,569231.79,229,76
LISA BLUNT ROCHESTER FOR SENATE,Lisa Blunt Rochester,314,567629.5,277,97
SCHNEIDER FOR CONGRESS,Rep. Bradley Scott Schneider,293,566500.0,244,94
BLUE DOG PAC,Blue Dog PAC,185,566250.0,171,48
JOE NEGUSE FOR CONGRESS,Rep. Joe Neguse,357,566170.0,298,117
RON ESTES FOR CONGRESS,Ron Estes,301,565884.0,277,98
FRIENDS OF JOHN THUNE,Sen. John Thune,239,564617.66,212,111
HOYER FOR CONGRESS,Rep. Steny Hamilton Hoyer,186,564000.0,172,86
FRIENDS OF SHERROD BROWN,Sen. Sherrod Brown,271,562975.0,232,91
HOUCHIN FOR CONGRESS,Rep. Erin Houchin,308,562890.4199999999,259,126
SHARICE FOR CONGRESS,Sharice Davids,360,562560.73,312,84
BEATTY FOR CONGRESS,Joyce Beatty,288,562500.0,245,90
DELBENE FOR CONGRESS,Rep. Suzan Kay DelBene,274,561500.0,230,82
DEMOCRATIC NATIONAL COMMITTEE,DEMOCRATIC NATIONAL COMMITTEE,13,558400.0,11,6
SUSIE LEE FOR CONGRESS,Susie Lee,342,557145.1499999999,303,87
SHARICE FOR CONGRESS,Rep. Sharice Davids,372,557126.9299999999,307,109
ADRIAN SMITH FOR CONGRESS,Rep. Adrian Smith,310,555500.0,278,134
MARSHA FOR SENATE,Marsha Blackburn,272,553900.0,245,86
MULLIN FOR AMERICA,Markwayne Mullin,307,549300.0,268,95
TIM SHEEHY FOR MONTANA,Tim Sheehy,262,547870.91,222,69
SCHNEIDER FOR CONGRESS,Rep. Brad Schneider,290,546525.5,244,123
HEARTLAND VALUES PAC,Sen John Thune,136,545500.0,129,56
SCALISE LEADERSHIP FUND,Rep. Steve Scalise,158,545050.0,147,35
ALL FOR OUR COUNTRY LEADERSHIP PAC,Sen. Catherine Cortez Masto,143,544500.0,136,67
CONGRESSIONAL BLACK CAUCUS FOUNDATION INC,Congressional Black Caucus Members,4,542600.56,3,1
TEXANS FOR JODEY ARRINGTON,Jodey Arrington,312,542400.0,280,104
VALADAO FOR CONGRESS,Rep. David Valadao,303,542281.62,265,103
GRAVES FOR CONGRESS,Rep. Sam Graves,261,541511.47,223,74
CHRISSY HOULAHAN FOR CONGRESS,Chrissy Houlahan,340,541323.6,297,101
PEOPLE FOR PATTY MURRAY,Patty Murray,303,541016.36,248,92
CAPITO FOR WEST VIRGINIA,Sen. Shelley Moore Capito,301,540675.0,260,134
TRUMP VANCE INAUGURAL COMMITTEE,President Donald Trump and Vice President J.D. Vance (In-Kind Vehicles for Presidential Inauguration),1,538000.0,1,1
CAROL FOR CONGRESS,Rep. Carol Miller,308,537350.0,283,133
FRIENDS OF DUSTY JOHNSON,Rep. Dusty Johnson,312,537050.0,275,118
JOSH GOTTHEIMER FOR CONGRESS,Rep. Joshua S. Gottheimer,241,536000.0,193,82
LAHOOD FOR CONGRESS,Rep Darin LaHood,221,535806.0,188,66
CISCOMANI FOR CONGRESS,Juan Ciscomani,317,535246.0,268,89
CONGRESSIONAL BLACK CAUCUS FOUNDATION,"Congressional Black Caucus Foundation, Karine Jean-Pierre, Rep. Hakeem Jeffries",2,535000.0,2,1
EMMER FOR CONGRESS,Rep. Tom Emmer,251,534650.0,227,85
GUY FOR CONGRESS,Guy Reschenthaler,310,534040.0,279,84
KAT FOR CONGRESS,Rep. Kat Cammack,309,533400.0,264,110
LARSON FOR CONGRESS,John Larson,286,532050.0,228,83
DAN NEWHOUSE FOR CONGRESS,Rep. Dan Newhouse,303,528693.15,260,78
PETE AGUILAR FOR CONGRESS,Rep Pete Aguilar,203,528500.0,170,61
NATIONAL REPUBLICAN SENATORIAL COMMITTEE,NRSC,178,527310.86,91,20
BOOZMAN FOR ARKANSAS,John Boozman,255,527050.0,207,93
SHONTEL BROWN FOR CONGRESS,Shontel Brown,282,526618.49,243,84
TREASURE STATE PAC,Sen. Jon Tester,135,525300.0,129,62
FEENSTRA FOR CONGRESS,Randy Feenstra,314,524600.0,271,111
JEFFRIES FOR CONGRESS,Rep Hakeem Jeffries,153,523800.0,128,49
LUCAS FOR CONGRESS,Frank Lucas,243,523600.0,211,81
BALDERSON FOR CONGRESS,Troy Balderson,323,523295.0,297,81
ROBIN KELLY FOR CONGRESS,Robin Kelly,293,521650.0,251,99
GARRET GRAVES FOR CONGRESS,Garret Graves,326,520500.0,273,95
THOM TILLIS COMMITTEE,Thom Tillis,255,520050.0,214,99
HOUCHIN FOR CONGRESS,Erin Houchin,310,519036.01,275,101
FRIENDS OF JOHN BARRASSO,Sen. John Anthony Barrasso,212,519000.0,171,92
TOGETHER HOLDING OUR MAJORITY PAC,Sen. Thomas Roland Tillis,139,519000.0,133,69
VALUE IN ELECTING WOMEN POLITICAL ACTION COMMITTEE,Value In Electing Women Political Action Committee,136,518500.0,130,58
IMPACT,Sen. Charles E. Schumer,123,515750.0,119,60
KUSTOFF FOR CONGRESS,David Kustoff,286,515700.0,248,82
GARBARINO FOR CONGRESS,Rep. Andrew R. Garbarino,263,515250.0,202,79
ASPIRE PAC,ASPIRE PAC,174,515175.0,151,44
VERN BUCHANAN FOR CONGRESS,Vern Buchanan,271,515050.0,233,74
CONGRESSIONAL HISPANIC CAUCUS INSTITUTE,"Reps. Adriano Espaillat, Nanette Barragan, Tony Cardenas, Darren Soto, Norma Torres and Sen. Ben Ray Lujan",3,515000.0,2,1
MARIO DIAZ-BALART FOR CONGRESS,Mario Diaz-Balart,251,514250.0,224,65
ANN WAGNER FOR CONGRESS,Rep. Ann Wagner,239,513500.0,203,91
MORGAN MCGARVEY FOR CONGRESS,Morgan McGarvey,244,513209.58,203,62
LISA MCCLAIN FOR CONGRESS,Rep. Lisa McClain,257,512544.29,218,104
FRIENDS OF DAVE JOYCE,Rep. Dave Joyce,276,512500.0,246,90
MILLER-MEEKS FOR CONGRESS,Rep. Mariannette Jane Miller-Meeks,247,511500.0,205,90
WILD AND WONDERFUL PAC,Sen. Shelley Moore Capito,148,510800.0,138,70
CENTER FORWARD COMMITTEE,Center Forward Committee,7,510000.0,2,1
DEMOCRATIC LEGISLATIVE CAMPAIGN COMMITTEE,DEMOCRATIC LEGISLATIVE CAMPAIGN COMMITTEE,6,510000.0,5,2
JASON SMITH FOR CONGRESS,"Smith, Jason",186,509550.0,141,51
TROY CARTER FOR CONGRESS,Troy Carter,274,509312.5,233,77
MCHENRY FOR CONGRESS,Patrick McHenry,199,507953.33999999997,180,87
MILLER-MEEKS FOR CONGRESS,Rep. Mariannette Miller-Meeks,277,506670.25,247,118
CITIZENS FOR BOYLE,Brendan Boyle,223,505521.12,205,74
ALAMO PAC,John Cornyn,195,504988.56,178,66
PETE STAUBER FOR CONGRESS,Rep. Pete Stauber,276,504910.0,237,89
STANTON FOR CONGRESS,Greg Stanton,276,504000.0,232,75
TRUMP-VANCE INAUGURAL COMMITTEE,Donald Trump; J.D. Vance,1,500000.0,1,1
"TRUMP VANCE INAUGURAL COMMITTEE, INC.",Donald Trump and JD Vance,1,500000.0,1,1
UNITE THE COUNTRY,N/A,1,500000.0,1,1
HARRIS VICTORY FUND,"Vice President Kamala Harris, DNC, and democratic state party committees",1,500000.0,1,1
FUTURE FORWARD (FF) PAC,N/A,1,500000.0,1,1
FORD'S THEATER SOCIETY,Rep. Nancy Pelosi,1,500000.0,1,1
TRUMP VANCE INAUGURAL COMMITTEE,Donald J. Trump and James David Vance,2,500000.0,2,1
"TRUMP VANCE INAUGURAL COMMITTEE, INC.","Pres. Donald Trump, Vice Pres. JD Vance",1,500000.0,1,1
TRUMP VANCE INAUGURAL COMMITTEE,Donald J. Trump and JD Vance,1,500000.0,1,1
WOMEN VOTE!,WOMEN VOTE!,5,500000.0,5,4
BATTLEGROUND ALLIANCE PAC,BATTLEGROUND ALLIANCE PAC,1,500000.0,1,1
CONGRESSIONAL BLACK CAUCUS PAC - MARCUS SERVES ON THE BOARD,Black Men Vote,2,500000.0,2,1
TRUMP VANCE INAUGURAL COMMITTEE INC,President Donald Trump and Vice President JD Vance,1,500000.0,1,1
TRUMP-VANCE INAUGURAL COMMITTEE,Trump-Vance Inaugural Committee,1,500000.0,1,1
"TRUMP VANCE INAUGURATION, INC.",President Donald Trump; Vice President JD Vance,1,500000.0,1,1
DEMOCRATIC GRASSROOTS VICTORY FUND,N/A,7,500000.0,3,2
JOHN F. KENNEDY LIBRARY FOUNDATION,John F. Kennedy,2,500000.0,2,1
NATIONAL PARK FOUNDATION,"Secretary Deb Haaland (Interior); Charles F. Sams III (Director, NPS): Board Members",1,500000.0,1,1
"JOHN F. KENNEDY LIBRARY FOUNDATION, INC.","Kennedy, John F.",2,500000.0,2,1
"TRUMP VANCE INAUGURAL COMMITTEE, INC.",Donald J. Trump and JD Vance (In-Kind Contribution: Travel),2,500000.0,2,1
BATTLEGROUND NEW YORK,BATTLEGROUND NEW YORK,1,500000.0,1,1
WESTERMAN FOR CONGRESS,Rep. Bruce Westerman,260,499850.0,224,98
FRIENDS OF BENNIE THOMPSON,Bennie Thompson,250,498856.5,220,63
MATSUI FOR CONGRESS,Doris Matsui,322,498822.45,261,73
THE MADISON PAC,Rep. Richard Edmund Neal,109,498000.0,107,53
FRIENDS OF JIM CLYBURN,Rep. James Enos Clyburn,211,496600.0,181,81
STAND WITH SANCHEZ,Rep. Linda Sanchez,261,496096.0,220,109
FRIENDS OF JIM CLYBURN,James Clyburn,184,495000.0,163,61
BETH VAN DUYNE FOR CONGRESS,Rep. Beth Van Duyne,262,492450.0,232,99
JULIA LETLOW FOR CONGRESS,Julia Letlow,329,492449.77,285,85
HISPANIC LEADERSHIP TRUST,Hispanic Leadership Trust,133,490505.0,133,58
"GEORGIA SAFE AND STRONG, INC.","GEORGIA SAFE AND STRONG, INC.",2,490000.0,1,1
THE EYE OF THE TIGER POLITICAL ACTION COMMITTEE,Rep. Stephen Joseph Scalise,110,488750.0,107,53
HALEY STEVENS FOR CONGRESS,Rep. Haley Stevens,257,488735.0,215,85
TITUS FOR CONGRESS,Dina Titus,223,488443.02,194,52
DEMOCRATIC SENATORIAL CAMPAIGN COMMITTEE (DSCC),Democratic Senatorial Campaign Committee (DSCC),56,487925.0,50,15
SMART SOLUTIONS PAC,Sen. Jacky Rosen,165,487500.0,145,66
ROB WITTMAN FOR CONGRESS,Rob Wittman,309,487330.52,249,63
DAN NEWHOUSE FOR CONGRESS,Dan Newhouse,327,485751.0,286,81
BRIAN FITZPATRICK FOR ALL OF US,Rep. Brian K. Fitzpatrick,233,484000.0,182,91
FREEMAN EXPOSITIONS,"Trump Vance Inaugural Committee, Inc. (TVIC)",1,482000.0,1,1
COLE FOR CONGRESS,Rep Tom Cole,175,481800.0,138,55
COMMON VALUES PAC,John Barrasso,151,481610.14,139,54
CATHERINE CORTEZ MASTO FOR SENATE,Sen. Catherine Cortez Masto,262,481411.25,207,108
FREEDOM FUND,Sen. Michael Dean Crapo,139,480000.0,125,62
BILIRAKIS FOR CONGRESS,Rep. Gus Bilirakis,293,479170.51,267,118
GETTING STUFF DONE PAC (GSD-PAC),Sen. Kyrsten Sinema,135,478500.0,123,71
WICKER FOR SENATE,Sen. Roger Frederick Wicker,194,477600.0,148,75
ANN WAGNER FOR CONGRESS,Rep. Ann Louise Wagner,213,476500.0,178,76
EMILIA SYKES FOR CONGRESS,Emilia Sykes,263,476064.34,219,60
HEALTHCARE FREEDOM SUPER PAC,Healthcare Freedom Super PAC,11,475000.0,11,6
CONGRESSIONAL BLACK CAUCUS FOUNDATION,Del. Eleanor Holmes Norton; Rep. Maxine Waters; Rep. Sanford D. Bishop; Rep. James E. Clyburn; Rep. Bobby Scott; Rep. Bennie Thompson; Rep. Danny K. Davis; various members of Congress,1,475000.0,1,1
STEVE DAINES FOR MONTANA,Sen. Steve Daines,201,474800.0,173,120
JOSH GOTTHEIMER FOR CONGRESS,Rep. Josh Gottheimer,225,474464.29000000004,208,103
ADAM SMITH FOR CONGRESS COMMITTEE,Rep. Adam Smith,180,474150.0,153,55
TEXANS FOR JODEY ARRINGTON,Rep. Jodey Cook Arrington,231,474000.0,199,84
STAND WITH SANCHEZ,Linda Sanchez,261,471736.08,222,79
STANTON FOR CONGRESS,Rep. Greg Stanton,289,471300.0,242,86
LISA BLUNT ROCHESTER FOR SENATE,Rep. Lisa Blunt Rochester,238,470700.0,201,95
BIDEN VICTORY FUND,None,7,470000.0,2,1
MOOLENAAR FOR CONGRESS,Rep. John Moolenaar,309,468770.0,243,97
TERRI SEWELL FOR CONGRESS,Rep Terri Sewell,209,468700.0,177,63
ACROSS THE AISLE PAC,Across The Aisle PAC,107,467500.0,103,45
DAVID ROUZER FOR CONGRESS,David Rouzer,270,467350.0,243,80
GARBARINO FOR CONGRESS,Rep Andrew Garbarino,233,466000.0,182,66
MR. SOUTHERN MISSOURIAN IN THE HOUSE PAC,Rep. Jason Smith,128,465250.0,122,70
CONGRESSIONAL BLACK CAUCUS POLITICAL EDUCATION & LEADERSHIP INSTITUTE,Congressional Black Caucus Political Education & Leadership Institute,11,465000.0,10,1
SCALISE LEADERSHIP FUND,Scalise Leadership Fund,77,464950.0,71,19
MCCARTHY VICTORY FUND,Rep. Kevin McCarthy,102,463950.0,84,16
ZINKE FOR CONGRESS,Ryan Zinke,304,462473.23,259,71
TEAM HAGERTY,Bill Hagerty,242,462000.0,210,85
BRITTANY PETTERSEN FOR COLORADO,Brittany Pettersen,258,460868.74,224,72
SENATE EAGLE PAC,Sen. Bill Hagerty,138,460500.0,132,67
VOTEVETS PAC HYBRID,VoteVets PAC Hybrid,6,460000.0,4,2
FRIENDS OF ROSA DELAURO,Rosa DeLauro,231,458050.0,210,63
LISA BLUNT ROCHESTER FOR CONGRESS,Rep. Lisa Blunt Rochester,241,458000.0,191,106
STEIL FOR WISCONSIN,Bryan Steil,242,455111.91000000003,192,60
HUIZENGA FOR CONGRESS,Rep Bill Huizenga,183,454800.0,128,43
SCALISE FOR CONGRESS,Rep Steve Scalise,126,453200.0,105,51
NATIONAL REPUBLICAN SENATORIAL COMMITTEE,NATIONAL REPUBLICAN SENATORIAL COMMITTEE,41,452998.0,32,18
FRENCH HILL FOR ARKANSAS,Rep French Hill,166,452900.0,127,46
DAVID ROUZER FOR CONGRESS,Rep. David Rouzer,252,452182.04000000004,230,101
ADRIAN SMITH FOR CONGRESS,Rep. Adrian Michael Smith,218,451500.0,190,79
NICOLE FOR NEW YORK,Nicole Malliotakis,262,450814.33,222,83
BILIRAKIS FOR CONGRESS,Gus Bilirakis,284,450151.52,249,89
WORKERS VOTE,WORKERS VOTE,2,450000.0,2,2
"ALIGNCO, LLC",Bob Casey,1,450000.0,1,1
DEMOCRATIC NATIONAL COMMITTEE (DNC) - FEDERAL,N/A,3,450000.0,3,1
CAROL FOR CONGRESS,Carol Miller,263,449940.0,238,87
CASTEN FOR CONGRESS,Sean Casten,259,449310.0,214,73
MICHELLE STEEL FOR CONGRESS,Michelle Steel,249,449025.0,218,90
TEAM HAGERTY,Sen. Bill Hagerty,237,448975.0,208,101
MATSUI FOR CONGRESS,Rep. Doris Matsui,242,448262.3,209,88
MIKE THOMPSON FOR CONGRESS,Rep. Michael C. Thompson,187,448000.0,161,67
KEN CALVERT FOR CONGRESS COMMITTEE,Rep. Ken Calvert,209,447500.0,181,65
HIMES FOR CONGRESS,Jim Himes,233,447100.0,190,71
MORAN FOR KANSAS,Jerry Moran,219,446700.0,196,99
MARSHA FOR SENATE,Sen. Marsha Wedgeworth Blackburn,196,446500.0,151,79
JULIA BROWNLEY FOR CONGRESS,Julia Brownley,223,446250.0,195,59
DEBBIE WASSERMAN SCHULTZ FOR CONGRESS,Rep. Debbie Wasserman Schultz,239,444459.0,216,70
CLEAVER FOR CONGRESS,Emanuel Cleaver,198,443200.0,181,69
TEXANS FOR JODEY ARRINGTON,Rep. Jodey Arrington,249,442500.0,227,124
WICKER FOR SENATE,Sen. Roger Wicker,241,440181.66000000003,219,88
MCCOLLUM FOR CONGRESS,Betty McCollum,231,439929.33,196,44
LISA MURKOWSKI FOR US SENATE,Lisa Murkowski,266,439258.5,233,88
BUDDY CARTER FOR CONGRESS,Buddy Carter,244,439020.0,215,77
SUOZZI FOR CONGRESS,Tom Suozzi,223,438216.13,190,63
BUDDY CARTER FOR CONGRESS,Rep. Earl L. B. Carter,193,437900.0,150,69
ALABAMA FIRST PAC,Sen. Katie Britt,154,437350.0,142,75
FRIENDS OF DAVE JOYCE,Rep. David Patrick Joyce,223,436500.0,176,72
MAGAZINER FOR CONGRESS,Seth Magaziner,233,436007.14,191,62
MARSHA BLACKBURN,IE FOR SEN. MARSHA BLACKBURN,6,435855.8,1,1
