general_issue_code,filing_year,filing_period,registrants,total_income,prior_income,prior_registrants,income_delta_pct,registrants_delta_pct
GOV,2025,fourth_quarter,452,45339597.0,18671639.06,418,142.8,8.1
GOV,2025,second_quarter,429,22304172.0,45339597.0,452,-50.8,-5.1
TRD,2025,fourth_quarter,1008,79667396.13,56961294.34,892,39.9,13.0
ACC,2026,first_quarter,45,1029000.0,21977000.0,70,-95.3,-35.7
CIV,2025,third_quarter,156,1962500.0,22454000.0,152,-91.3,2.6
GOV,2025,third_quarter,450,42611922.0,22304172.0,429,91.0,4.9
ECN,2026,first_quarter,195,9459495.0,29742147.0,238,-68.2,-18.1
ECN,2025,third_quarter,238,29742147.0,9569747.0,228,210.8,4.4
CON,2025,third_quarter,42,20985000.0,816000.0,40,2471.7,5.0
CON,2025,fourth_quarter,46,20951500.0,786000.0,42,2565.6,9.5
CON,2025,second_quarter,40,816000.0,20951500.0,46,-96.1,-13.0
ACC,2025,third_quarter,70,21977000.0,1847000.0,61,1089.9,14.8
CON,2026,first_quarter,34,964000.0,20985000.0,42,-95.4,-19.0
ACC,2025,fourth_quarter,64,21240000.0,1811000.0,61,1072.8,4.9
ACC,2025,second_quarter,61,1847000.0,21240000.0,64,-91.3,-4.7
CIV,2025,fourth_quarter,143,21789000.0,2822000.0,148,672.1,-3.4
GOV,2026,first_quarter,382,24210712.0,42611922.0,450,-43.2,-15.1
TRD,2025,first_quarter,892,56961294.34,44691490.03,783,27.5,13.9
NAT,2025,fourth_quarter,420,27855058.0,21297195.0,394,30.8,6.6
TAR,2025,fourth_quarter,243,10997646.0,5171073.0,186,112.7,30.6
EDU,2025,fourth_quarter,609,25897869.0,20693485.0,604,25.1,0.8
TAR,2025,first_quarter,186,5171073.0,1373729.0,83,276.4,124.1
FUE,2023,second_quarter,140,10169500.0,6376000.0,144,59.5,-2.8
PHA,2025,fourth_quarter,201,12013484.0,8458727.0,192,42.0,4.7
FUE,2023,third_quarter,143,6621997.81,10169500.0,140,-34.9,2.1
HOU,2025,fourth_quarter,307,15618232.0,12132466.0,277,28.7,10.8
UTI,2023,third_quarter,117,4799295.0,7979879.24,124,-39.9,-5.6
UTI,2023,second_quarter,124,7979879.24,5031220.0,116,58.6,6.9
VET,2022,fourth_quarter,295,8626975.0,6603221.0,260,30.6,13.5
MED,2025,fourth_quarter,200,7923000.0,6335500.0,177,25.1,13.0
SPO,2025,fourth_quarter,118,4466100.0,3184500.0,94,40.2,25.5
UTI,2025,fourth_quarter,125,6043135.0,4763452.0,115,26.9,8.7
INT,2022,second_quarter,92,3077700.0,1860050.0,80,65.5,15.0
TOU,2022,fourth_quarter,91,2449000.0,3618250.0,91,-32.3,0.0
RES,2025,fourth_quarter,129,5373000.0,4206997.0,122,27.7,5.7
TOB,2025,fourth_quarter,104,4629500.0,3489500.0,102,32.7,2.0
INT,2022,third_quarter,82,1939300.0,3077700.0,92,-37.0,-10.9
FIR,2025,fourth_quarter,57,1950500.0,813000.0,50,139.9,14.0
TOR,2023,fourth_quarter,40,977000.0,2084520.0,37,-53.1,8.1
ACC,2022,second_quarter,65,1399500.0,2456875.0,69,-43.0,-5.8
TOR,2023,first_quarter,37,2084520.0,1084000.0,44,92.3,-15.9
MIA,2022,fourth_quarter,35,2280000.0,1315000.0,29,73.4,20.7
MIA,2023,fourth_quarter,35,1338750.0,2260000.0,33,-40.8,6.1
INT,2022,fourth_quarter,80,1860050.0,2763835.0,91,-32.7,-12.1
MIA,2022,second_quarter,28,1405000.0,2280000.0,35,-38.4,-20.0
ACC,2022,fourth_quarter,69,2456875.0,1588000.0,63,54.7,9.5
FIR,2025,second_quarter,52,1130000.0,1950500.0,57,-42.1,-8.8
MIA,2023,second_quarter,37,2088750.0,1338750.0,35,56.0,5.7
MIA,2023,first_quarter,33,2260000.0,1552907.0,33,45.5,0.0
POS,2022,fourth_quarter,89,1953000.0,2634000.0,116,-25.9,-23.3
TOU,2022,second_quarter,93,3084250.0,2449000.0,91,25.9,2.2
ART,2023,second_quarter,73,2448500.0,1854500.0,64,32.0,14.1
TRU,2022,second_quarter,82,2070121.0,1510000.0,69,37.1,18.8
ART,2022,second_quarter,67,2039000.0,1496750.0,63,36.2,6.3
SPO,2023,fourth_quarter,78,2397500.0,1874927.0,73,27.9,6.8
BNK,2022,fourth_quarter,25,945000.0,1435000.0,33,-34.1,-24.2
ALC,2025,fourth_quarter,46,1247500.0,765000.0,43,63.1,7.0
MIA,2024,first_quarter,39,1183750.0,1628750.0,36,-27.3,8.3
TAR,2024,second_quarter,80,1265479.0,1703729.0,95,-25.7,-15.8
TRU,2023,fourth_quarter,77,1970000.0,1545000.0,72,27.5,6.9
FIR,2026,first_quarter,48,1893000.0,1485000.0,52,27.5,-7.7
ACC,2023,first_quarter,61,1825500.0,1445875.0,69,26.3,-11.6
FAM,2023,first_quarter,75,674000.0,1041500.0,77,-35.3,-2.6
WAS,2023,first_quarter,42,1082500.0,1448500.0,52,-25.3,-19.2
APP,2022,third_quarter,19,960000.0,1320000.0,19,-27.3,0.0
TAR,2024,fourth_quarter,95,1703729.0,1347729.0,82,26.4,15.9
FIR,2025,third_quarter,52,1485000.0,1130000.0,52,31.4,0.0
APP,2024,fourth_quarter,26,861193.0,1200093.0,23,-28.2,13.0
TOR,2022,second_quarter,45,879000.0,1217000.0,42,-27.8,7.1
ADV,2024,fourth_quarter,30,545000.0,875000.0,30,-37.7,0.0
APP,2025,fourth_quarter,18,570000.0,888863.0,24,-35.9,-25.0
CDT,2022,second_quarter,30,1288000.0,974000.0,30,32.2,0.0
TOR,2022,fourth_quarter,42,1217000.0,906500.0,48,34.3,-12.5
FAM,2023,fourth_quarter,73,967500.0,674000.0,75,43.5,-2.7
WEL,2025,fourth_quarter,48,1142786.0,855750.0,46,33.5,4.3
FAM,2022,second_quarter,83,1156765.0,873903.7,76,32.4,9.2
APP,2025,third_quarter,18,475000.0,748863.0,21,-36.6,-14.3
TOR,2025,fourth_quarter,54,1309000.0,1039000.0,43,26.0,25.6
BNK,2025,first_quarter,19,740000.0,1000000.0,29,-26.0,-34.5
ADV,2024,first_quarter,30,875000.0,625000.0,29,40.0,3.4
WEL,2023,fourth_quarter,48,1033000.0,796000.0,39,29.8,23.1
CDT,2023,second_quarter,31,1049000.0,820000.0,28,27.9,10.7
APP,2023,fourth_quarter,22,1054250.0,837000.0,21,26.0,4.8
WEL,2024,second_quarter,48,1016750.0,805750.0,44,26.2,9.1
MON,2024,fourth_quarter,8,330000.0,120000.0,6,175.0,33.3
FAM,2024,second_quarter,81,1038000.0,828000.0,74,25.4,9.5
ADV,2023,second_quarter,29,825000.0,615000.0,27,34.1,7.4
UNM,2022,fourth_quarter,30,224000.0,425000.0,37,-47.3,-18.9
REL,2025,second_quarter,15,249000.0,450000.0,11,-44.7,36.4
TOR,2023,third_quarter,40,972000.0,774520.0,39,25.5,2.6
ADV,2025,first_quarter,33,822000.0,625000.0,31,31.5,6.5
ADV,2022,second_quarter,30,580000.0,384375.0,29,50.9,3.4
DOC,2025,fourth_quarter,18,300000.0,110000.0,12,172.7,50.0
DOC,2025,second_quarter,14,120000.0,300000.0,18,-60.0,-22.2
APP,2025,second_quarter,21,748863.0,570000.0,18,31.4,16.7
MON,2025,fourth_quarter,15,510000.0,340000.0,7,50.0,114.3
MON,2025,second_quarter,10,350000.0,510000.0,15,-31.4,-33.3
MON,2023,first_quarter,6,110000.0,270000.0,9,-59.3,-33.3
DOC,2024,second_quarter,8,130000.0,275000.0,12,-52.7,-33.3
ADV,2023,fourth_quarter,27,615000.0,475000.0,26,29.5,3.8
UNM,2022,second_quarter,34,350000.0,224000.0,30,56.3,13.3
MON,2026,first_quarter,12,480000.0,360000.0,12,33.3,0.0
REL,2025,first_quarter,17,389000.0,277500.0,13,40.2,30.8
DOC,2025,third_quarter,19,230000.0,120000.0,14,91.7,35.7
DOC,2024,fourth_quarter,12,275000.0,175000.0,11,57.1,9.1
REL,2023,fourth_quarter,14,270000.0,170000.0,12,58.8,16.7
REL,2023,second_quarter,12,170000.0,270000.0,14,-37.0,-14.3
REL,2022,fourth_quarter,14,270000.0,175000.0,16,54.3,-12.5
UNM,2023,first_quarter,26,195000.0,285000.0,31,-31.6,-16.1
DOC,2022,third_quarter,13,145000.0,230000.0,11,-37.0,18.2
DOC,2023,fourth_quarter,11,175000.0,95000.0,12,84.2,-8.3
REL,2025,third_quarter,14,169000.0,249000.0,15,-32.1,-6.7
DOC,2025,first_quarter,12,110000.0,185000.0,10,-40.5,20.0
REL,2023,first_quarter,12,170000.0,230000.0,14,-26.1,-14.3
REL,2023,third_quarter,13,230000.0,170000.0,12,35.3,8.3
DOC,2024,third_quarter,10,185000.0,130000.0,8,42.3,25.0
DOC,2023,first_quarter,12,95000.0,145000.0,13,-34.5,-7.7
UNM,2025,third_quarter,15,128500.0,172500.0,17,-25.5,-11.8
UNM,2025,second_quarter,17,172500.0,128500.0,14,34.2,21.4
UNM,2025,fourth_quarter,14,128500.0,172500.0,19,-25.5,-26.3
MON,2024,first_quarter,6,120000.0,80000.0,6,50.0,0.0
MON,2023,third_quarter,6,80000.0,40000.0,5,100.0,20.0
MON,2023,second_quarter,5,40000.0,80000.0,6,-50.0,-16.7
DOC,2022,fourth_quarter,13,185000.0,145000.0,11,27.6,18.2
DOC,2024,first_quarter,11,175000.0,135000.0,12,29.6,-8.3
MON,2023,fourth_quarter,6,80000.0,110000.0,6,-27.3,0.0
