registrant_id,registrant_name,filings_in_window,distinct_clients,total_income,clients
401110145,ANCHOR & ARROW LLC,11,11,350000.0,"APEX TECHNOLOGY INC | OKLO INC | ICEBREAKER STRATEGIES LLC ON BEHALF OF NEROS TECHNOLOGIES | OVERLAND AI | AMERICAN PHALANX | CX2 INC | TERMINAL STATION HOLDINGS INC | EPIRUS, INC. | SARONIC TECHNOLOGIES INC | ICEBREAKER STRATEGIES LLC ON BEHALF OF VORBECK MATERIALS CORP | GALLATIN AI"
401110345,POTOMAC STRATEGIC CONSULTING LLC,14,14,210000.0,"HABITAT FOR HUMANITY INTERNATIONAL INC. | THE PASHA GROUP | PFM FINANCIAL ADVISORS | AT&T | FLORIDA COMMUNITY LOAN FUND | THE EVERGLADES TRUST, INC. | CAPITAL MAGNET FUND (AD HOC COALITION) | RADNET | THE REINALT-THOMAS CORPORATION | AMERICAN WATER WORKS SERVICE COMPANY, INC. | AMERICAN INSTITUTE OF STEEL CONSTRUCTION | PREVENTATIVE AUTOMOTIVE MAINTENANCE ASSOCIATION (PAMA) | CAPITOL COUNSEL LLC ON BEHALF OF FIRSTFLOOR | NATIONAL DISABILITY CDFI COALITION"
401110248,MAVERICK HILL PARTNERS,10,10,172000.0,"SYSTECON NORTH AMERICA | MANIFEST CYBER | CROWN POINT TECHNOLOGIES | HORIZON DEFENSE SOLUTIONS | SHIPCOM FEDERAL SOLUTIONS, LLC | SHIPCONSTRUCTOR USA | RIVERSIDE RESEARCH INSTITUTE | QLAD | DAYTON T. BROWN | PTC"
401110249,"KEAST STRATEGIC SOLUTIONS, LLC",3,3,160000.0,"HCBS ADVOCACY, LLC | UMBRA LAB, INC. | RTX CORP AND AFFILIATES"
401110186,KRESSIN POWERS LLC,1,1,150000.0,"NETFLIX, INC."
401110071,"EDWARD C. OLIVARES, LLC",3,3,90000.0,"CONSTELLIUM MUSCLE SHOALS, LLC | CONSTELLIUM ROLLED PRODUCTS RAVENSWOOD, LLC | CONSTELLIUM U.S. HOLDINGS I"
401105445,TRANSNATIONAL STRATEGY GROUP LLC,1,1,80000.0,HARTREE PARTNERS LP
401110365,ASG CORP.,2,2,70000.0,"JOSE LUIS MANZANO | J. B. POINDEXTER & CO., INC."
401110425,BOHL GOVERNMENT AFFAIRS,5,5,70000.0,"SURDEX CORPORATION | FIND SOLACE, INC. | AGRAGENE | PAYTIENT TECHNOLOGIES INC. | BIOSTL"
401110179,ADAPTIVE GOVERNMENT RELATIONS,4,4,69000.0,NATIONAL DOWN SYNDROME SOCIETY | HR HEALTHCARE | CLEVELAND CLINIC | SEATTLE CHILDREN'S
401110376,LEGACY PUBLIC POLICY,1,1,60000.0,AMERIPEN
401110435,HANBURY STRATEGY,1,1,60000.0,TWILIO
401110400,TWZ STRATEGIES LLC,1,1,60000.0,MARTI HOLDINGS LLC
401107747,ORSO GROUP,2,2,50000.0,BAY AREA COUNCIL | CALIFORNIA FOREVER
401110173,CAPITOL DOME ADVOCACY,1,1,50000.0,"AMERICAN SOCIETY OF COMPOSERS, AUTHORS, AND PUBLISHERS (ASCAP)"
400846497,PICARD KENTZ & ROWE LLP,1,1,45000.0,SOUTHERN SHRIMP ALLIANCE
401110394,"POLICYPARTNER, LLC",1,1,40000.0,"EXODUS MOVEMENT, INC."
401109875,SOLAR ISLE VENTURES,1,1,40000.0,GOLDENTREE ASSET MANAGEMENT
401110417,THE NATHANIEL GROUP LLC,4,4,40000.0,BISHOP INTERNATIONAL AIRPORT AUTHORITY | CITY OF BURTON | CITY OF FLINT | AERODESIGN SERVICES
401110199,SINGISER SOLUTIONS LLC,3,3,35000.0,AMERICANS FOR CONTRACEPTION | PLANNED PARENTHOOD FEDERATION OF AMERICA | HOPEWELL FUND
401110294,VASTO STRATEGIES LLC,2,2,33000.0,TONY STRICKLAND CONSULTING FOR HAAS AUTOMATION INC. | UNITED WATER CONSERVATION DISTRICT
401110520,"CENTER MARKET STRATEGIES, LLC",2,2,33000.0,NATIONAL GROCERS ASSOCIATION | MAIN STREET COMPETITION COALITION
401110509,WASHINGTON STRATEGY GROUP,1,1,30000.0,IVAN DEMERDZHIEV
401110538,BRANDON TINIANOV,2,2,30000.0,CLARK STREET ASSOCIATES LLC ON BEHALF OF CEIBO TECHNOLOGY | CLARK STREET ASSOCIATES ON BEHALF OF LIGHTPATH TECHNOLOGIES
401110396,ROCK CREEK TRADE LLP,1,1,30000.0,"ERAMET MARIETTA, INC."
401110335,STEPHANIE KENNAN,1,1,25000.0,OREGON DEPARTMENT OF HUMAN SERVICES
401110469,ADVANCE GOVERNMENTAL RELATIONS LLC,1,1,20833.0,MEDICAL CONSULTANTS MANAGEMENT LLC
401110384,WINSLOW & CO PUBLIC AFFAIRS LLC,2,2,20000.0,THORN RUN PARTNERS ON BEHALF OF WESTERN URANIUM & VANADIUM CORP. | THORN RUN PARTNERS ON BEHALF OF AMERICAN LITHIUM ENERGY
401110211,"GLOBAL CONNECTION GROUP, LLC",1,1,20000.0,"RAI SERVICES COMPANY (FKA REYNOLDS AMERICAN, INC."
401110401,SKOOKUM EDUCATIONAL PROGRAMS (FKA TESSERA),1,1,11000.0,SKOOKUM EDUCATIONAL PROGRAMS
401110472,"FREE STATE ADVOCACY, LLC",1,1,10000.0,DIGITAL CHILDHOOD ALLIANCE
401110499,NEW AMERICAN INDUSTRIAL ALLIANCE,1,1,10000.0,NEW AMERICAN INDUSTRIAL ALLIANCE
401110537,DUDLEY STRATEGIES,1,1,10000.0,"PARTWORKS, LLC"
401109726,KANTER STRATEGIES LLC,1,1,10000.0,AMERICAN POLICY VENTURES ACTION
401110366,"SYC STRATEGIES, LLC",2,2,10000.0,MODERN STATES EDUCATION ALLIANCE | OBERLIN COLLEGE
401110451,GENESI LLC,2,2,10000.0,TOWN OF YUCCA VALLEY | CITY OF RANCHO MIRAGE
401110477,"JANOL, LLC",1,1,10000.0,"FORESCOUT TECHNOLOGIES, INC"
401110545,TIFFANY ANN SHUJATH,1,1,10000.0,CENTER FOR PROCUREMENT ADVOCACY
401110446,"LOGICAL DECORUM CAPITAL STRATEGIES, LLC",1,1,10000.0,DR. JOSE M. WILEY
401110555,"INTEGRUS STRATEGIES, LLC",4,4,10000.0,"AXADVOCACY GOVERNMENT RELATIONS ON BEHALF OF PHANTOM NEURO | AXADVOCACY GOVERNMENT RELATIONS ON BEHALF OF KTA-TATOR, INC. | AXADVOCACY GOVERNMENT RELATIONS ON BEHALF OF MAIN LINE HEALTH | AXADVOCACY GOVERNMENT RELATIONS ON BEHALF OF STRATA CRITICAL"
401110388,CALLAWASSIE CONSULTING LLC,1,1,10000.0,RTX CORPORATION AND AFFILIATES
401110436,PEDRO PEDROZA RODRIGUEZ,1,1,10000.0,ALLIANCE FOR WATER EFFICIENCY
401110414,"GOODWIN STRATEGIES, LLC",2,2,10000.0,"ROBOTIC RESEARCH OPCO, LLC (DBA FORTERRA) | AUTONOMOUS DEFENSE TECHNOLOGIES CORP."
401103717,"DSD ADVISORS, LLC",2,2,9000.0,CITY OF NORWOOD | CITY OF MONTGOMERY
401110286,J BRABANT CAPITOL STRATEGIES,1,1,7500.0,"NATALIE KATO, P.A. ON BEHALF OF THE FORENSIC CRIMINAL JUSTICE ALLIANCE"
